Mose;9727
nicht;7548
aber;4893
Herr;4515
Psalm;3863
Herrn;3783
sprach;3773
wird;3347
denn;3320
sich;3302
sein;3141
euch;2971
Gott;2913
werden;2547
will;2362
ihnen;2271
sind;2256
auch;2249
über;2228
Könige;2189
alle;2131
seine;2080
König;2077
soll;2069
mich;1996
Chronik;1994
Samuel;1949
Jesaja;1948
Israel;1911
Denn;1884
dich;1881
Volk;1823
Jeremia;1821
nach;1770
Sohn;1759
Matthäus;1754
unter;1747
Kinder;1728
einen;1697
Lukas;1640
Johannes;1560
haben;1478
habe;1465
eine;1449
Hesekiel;1442
ihre;1441
hatte;1427
Hiob;1383
mein;1377
seinen;1363
waren;1282
Apostelgeschichte;1267
deine;1264
noch;1243
seinem;1196
dein;1195
meine;1182
Gottes;1163
Aber;1121
durch;1121
spricht;1105
ward;1087
Korinther;1084
alles;1073
Sprüche;1064
Hand;1058
sondern;1018
Josua;1004
seiner;979
sollen;969
wenn;939
ihren;937
Markus;931
hast;928
sollst;924
wider;901
oder;895
Land;877
Zeit;871
also;835
Hause;828
Haus;827
allen;819
Stadt;819
Römer;805
David;805
Richter;804
Jerusalem;778
Vater;758
Lande;745
deinen;738
Mann;730
sprachen;718
sagen;717
kommen;710
Tage;706
einem;698
doch;694
ging;687
Siehe;686
mehr;674
wieder;663
Wort;661
deinem;659
andern;647
Israels;632
siehe;626
Menschen;623
Namen;609
Offenbarung;608
Himmel;606
Jesus;606
Darum;602
ihrer;594
geben;590
Priester;577
sollt;573
meinem;571
Wenn;568
Königs;566
getan;562
Kindern;562
meinen;559
kein;558
Juda;554
machen;553
Wasser;552
lassen;550
werde;549
gegen;547
zwei;543
gegeben;539
deiner;538
darum;536
diese;534
Erde;532
kommt;531
Augen;527
Hebräer;525
einer;525
Also;517
nichts;516
Daniel;516
viel;508
eure;498
gehen;497
Heiden;492
bist;486
Weib;482
Herz;482
seines;479
Petrus;477
wohl;468
Sohnes;457
kamen;455
machte;454
ließ;452
Seele;451
Geist;450
ihrem;446
nahm;440
darin;437
gemacht;436
seid;432
willen;427
Jahre;426
Nehemia;426
hatten;424
Männer;419
Feuer;418
gesagt;417
antwortete;417
daselbst;416
habt;411
sehen;410
Leben;405
Hände;404
niemand;402
ganze;395
wurden;392
Knecht;389
denen;382
essen;380
solches;380
deines;380
euer;378
Schwert;375
Brüder;371
Timotheus;370
Esra;370
Gesetz;369
Söhne;367
Herzen;366
Knechte;366
wirst;364
Stimme;364
Blut;362
Ägypten;362
Propheten;362
redete;356
meiner;356
gekommen;353
Wüste;348
samt;346
sage;344
allem;336
Fürsten;336
Meer;335
werdet;335
kann;330
geworden;329
dies;328
hören;328
Offb;328
Epheser;327
große;326
wollen;324
Welt;324
gingen;323
selbst;321
andere;320
dieser;320
Bruder;318
geredet;318
meines;317
sehr;316
sieben;315
euren;313
Saul;313
Sacharja;313
Hütte;311
gewesen;311
Worte;311
Erden;309
Fleisch;307
Mutter;307
eines;306
keine;305
ohne;304
Gerechtigkeit;304
Vaters;299
diesen;298
jemand;298
aller;297
Städte;295
dazu;294
welche;294
Gemeinde;294
Matth;290
Altar;288
wohnen;288
unser;288
sollte;287
drei;287
Tochter;287
Brot;286
reden;286
Zebaoth;286
Babel;285
ganzen;284
nehmen;281
Angesicht;280
Jakob;278
Judas;276
jeglicher;275
halten;275
geht;275
Prediger;274
Mensch;272
zogen;272
geschrieben;272
Davids;271
sterben;270
voll;270
geboten;270
ewiglich;269
diesem;269
davon;268
Sünde;267
Hosea;267
Engel;266
Galater;265
Väter;265
Haupt;265
sandte;264
Jesu;264
gleich;262
stand;262
Berge;260
Wege;260
Zorn;260
Aaron;259
Leviten;259
hieß;258
Juden;257
Leute;256
Heer;254
Gnade;252
Brandopfer;252
darauf;248
allein;247
Jahr;246
großen;246
würde;245
steht;245
bringen;244
heiligen;244
Salomo;243
gesehen;241
bleiben;241
Nacht;240
Ende;240
wollte;238
Bund;237
Volks;237
Philister;236
Warum;234
Amos;234
Gold;233
viele;233
Macht;232
Tages;229
müssen;228
wäre;226
dahin;226
Thessalonicher;225
etliche;225
Hesek;223
hörte;221
weiß;220
Morgen;219
Ellen;219
Jakobus;218
zeugte;217
gehört;217
ziehen;217
gehe;216
macht;216
darnach;213
zwischen;212
allerlei;211
ganz;210
welchen;210
Kleider;210
stehen;209
sagte;208
welcher;208
Feinde;208
gesandt;208
Töchter;207
Sünden;204
Vieh;203
Jünger;203
Weiber;202
Gottlosen;202
hinauf;202
Ägyptenland;201
geschehen;200
heute;199
Mund;199
Pharao;198
Recht;198
Dies;197
schlug;196
rief;195
Lade;194
groß;193
ersten;193
Micha;193
Herrlichkeit;193
Weisheit;192
Abend;191
etwas;191
hier;190
Völker;190
damit;190
unsre;190
Christus;190
geschah;189
Chron;188
Christi;188
hinaus;187
Ältesten;187
Ehre;187
lang;184
Geschlecht;184
ihres;184
Brüdern;184
vier;183
Klagelieder;183
Schafe;182
Liebe;181
Obersten;181
dienen;180
recht;180
welches;179
Felde;178
Opfer;178
Mein;178
Glauben;178
geboren;177
fiel;177
Wagen;177
heraus;176
ists;176
Licht;175
Ohren;175
Teil;174
Missetat;174
Tempel;174
Stätte;173
wissen;173
leben;173
Vätern;173
Stuhl;173
führte;172
Wohnung;172
Sonne;172
Joseph;172
weil;171
liegt;171
zuvor;170
Abraham;170
hinein;168
nämlich;168
Rede;168
Wahrheit;168
Zeichen;167
gefunden;167
Streit;167
Ester;167
Silber;166
Werke;165
fünf;165
weder;165
Kraft;165
Paulus;165
Weibe;164
Frieden;164
lange;164
Stamm;164
Kolosser;163
sagt;163
fallen;162
Gebote;162
sprich;162
legte;161
Füße;161
beide;160
sahen;160
Wein;160
Lager;160
Joel;159
Reich;158
Unglück;158
keinen;157
verlassen;156
Toten;155
Ephraim;155
setzte;154
genommen;154
zehn;154
unsern;153
opfern;153
Samen;152
taten;152
Barmherzigkeit;152
trinken;152
Mitternacht;151
Hauses;150
Heiligen;150
unsers;149
Werk;149
unrein;149
baute;148
machten;148
Auch;148
brachte;146
Städten;146
Greuel;146
Zion;146
starb;145
trat;145
Speisopfer;145
mache;144
komme;144
Gerechten;144
Stifts;144
Speise;143
übel;143
jeglichen;142
Benjamin;142
Gehe;141
ferne;141
brachten;140
fröhlich;139
Rechten;138
Knechten;138
heilig;138
nahmen;137
Munde;137
eurem;137
durchs;137
tragen;136
gefangen;136
Rechte;136
wohnten;135
läßt;135
großer;134
Mark;134
ers;133
jetzt;133
Frucht;132
sollten;132
hoch;132
Mittag;132
Jordan;131
Landes;130
hörten;130
Gebirge;130
Gutes;130
gleichwie;130
Geld;130
gibt;130
zwölf;129
umher;129
Armen;129
heißt;128
bauen;128
Berg;128
Götter;128
mitten;127
Widder;127
dann;127
daran;126
standen;126
unserm;126
solche;126
können;126
Lust;126
fürchten;126
Götzen;125
wandeln;125
Gebot;125
Gewalt;124
legen;124
Freude;124
Philemon;123
Erbe;122
Farren;122
Statt;121
Fürst;121
Leib;121
Schanden;121
Finsternis;120
gesetzt;120
Söhnen;120
ichs;120
Grimm;120
Joab;120
lebt;119
hinab;119
miteinander;119
Füßen;119
eurer;118
finden;118
dieses;118
aufs;118
Gilead;118
Hohelied;118
Darnach;117
Furcht;117
Name;117
wahr;117
ließen;117
hätte;117
Zahl;117
Hiskia;117
Christo;117
seien;116
Acker;116
willst;116
höre;116
Grenze;116
Todes;115
Händen;115
Kind;115
nahe;115
besser;115
welchem;115
liegen;115
erfahren;115
liebe;114
Holz;114
Manasse;114
rein;114
Ruth;114
Meine;113
abermals;113
laßt;113
gebe;113
Nächsten;113
Güte;113
suchen;113
wenig;112
Buch;111
gefallen;111
Schwester;110
Arbeit;110
Seite;110
immer;110
herauf;110
streiten;110
geführt;110
führen;110
bleibt;110
blieb;109
sieht;109
Prophet;109
Gericht;109
daher;109
Gebet;109
Jesum;109
empfangen;108
Wesen;108
derselben;108
entgegen;107
wirds;107
Alle;107
Königreich;107
Sündopfer;107
derer;107
Höhe;106
Monats;106
Heiligtum;106
Assyrien;105
großes;104
dritten;104
Tagen;104
gebracht;104
richten;104
tausend;104
Sache;104
erwählt;104
Philipper;104
erste;103
Himmels;103
lasset;103
Menge;103
Diener;103
eitel;103
bösen;103
Göttern;103
Völkern;103
Isaak;102
Ammon;102
darüber;102
setzen;101
Herde;101
Geschlechtern;101
rede;101
oben;101
sprechen;101
redet;101
Erbteil;101
Titus;101
untereinander;100
Häuser;100
Tiere;99
Monat;99
Stein;99
tust;99
gefiel;99
Zeugnis;99
neben;99
töten;99
schon;99
Seine;99
Menschenkind;99
sitzen;99
gebar;98
geschlagen;98
Magd;98
zwanzig;98
Morgens;98
Mauer;98
helfen;98
Jonathan;98
Absalom;98
Stunde;98
fand;97
beiden;97
wisset;97
traten;97
Richt;97
Samaria;97
begab;96
gnädig;96
lebendig;96
Jona;96
Feinden;96
verderben;95
nieder;95
keiner;95
Ochsen;95
Böses;95
Deine;95
außer;95
Weisen;95
Wunder;95
lasse;94
siebenten;94
gebot;94
heißen;94
Seelen;94
rechten;94
Ewigkeit;94
Hoffnung;94
zusammen;93
hinter;93
Gefängnis;93
Zunge;92
deren;92
Worten;92
Elia;92
fielen;91
weiter;91
guten;91
wüst;90
wohnte;90
vierzig;90
Brunnen;90
Kleid;90
Habe;90
Weise;90
Steine;90
Friede;90
Teufel;90
böse;89
nimm;89
schlugen;89
Einwohner;89
bringt;89
Meister;88
gerecht;88
eures;88
Moabiter;88
sehet;88
Dinge;88
Sauls;88
Leuten;87
begraben;87
hundert;87
Geschrei;87
geschworen;87
Haufen;87
Evangelium;87
Ägypter;86
Esel;86
Diese;86
irgend;86
selig;86
wollt;86
Ruhe;86
lieben;86
Doch;85
Antlitz;85
Früchte;85
hört;85
Pharisäer;85
wollten;84
fahren;84
wandte;84
goldenen;84
Dein;84
Grube;84
täglich;84
jungen;84
Sabbat;84
Höhen;84
Bosheit;83
Herzens;83
konnte;83
Wind;83
Nach;83
gesündigt;83
Tode;83
sechs;83
Boten;83
Sela;83
lagerten;83
jedermann;82
antworteten;82
mächtig;82
Lehre;82
Wahrlich;82
Feld;81
schlagen;81
gegenüber;81
schwer;81
wiederum;81
übrigen;81
Säulen;81
Schrift;81
warum;80
gaben;80
still;80
fragen;80
gute;80
erretten;80
Heil;80
Habakuk;80
fressen;80
Priestern;80
Bergen;80
Narren;80
Lebens;79
Fett;79
nachdem;79
unsrer;79
Leibe;79
genug;79
Jakobs;79
würden;79
Hauptmann;79
fürchtet;79
wohnt;79
gebaut;79
sehe;78
genannt;78
Sage;78
bald;78
Willen;78
Hurerei;78
gesund;78
dieweil;77
gedachte;77
Bundes;77
Kanaan;77
Amoriter;77
Rinder;77
konnten;77
gefällt;77
Dazu;77
rufen;77
Königen;77
Aarons;77
Nebukadnezar;77
dritte;76
dirs;76
jenseit;76
übrig;76
gegangen;76
Männern;76
nimmt;76
bereitet;76
verborgen;76
alsbald;76
Löwen;76
fünfzig;75
herzu;75
solange;75
glauben;75
gestorben;75
Häupter;75
Rosse;75
allezeit;75
Josaphat;75
Jüngern;75
Zeiten;74
findet;74
Ists;74
selben;74
Hirten;74
Gesicht;74
führten;74
Tore;74
goldene;74
gelegt;74
Gehet;74
freuen;74
Fest;74
Auge;74
hält;74
Hebr;74
Anfang;73
Nachkommen;73
fanden;73
Segen;73
halte;73
Moab;73
Schaden;73
Raub;73
errettet;73
Hilfe;73
Dankopfer;73
Tier;72
Judas;72
daraus;72
BethEl;72
Maleachi;72
hielt;72
desselben;72
Dienst;72
sprecht;72
befohlen;72
lehren;72
Lippen;72
Mauern;72
geheiligt;72
Ahab;72
Vögel;71
sonst;71
Wolke;71
Gabe;71
erkennen;70
Syrer;70
Esau;70
gehalten;70
Syrien;70
Lenden;70
Höret;70
ihrs;70
verkündigen;70
Bach;70
rühmen;70
Baum;69
vergeben;69
sammeln;69
holen;69
sagten;69
Geräte;69
Leid;69
antworten;69
Libanon;69
Christum;69
predigen;68
Wolken;68
Staub;68
betete;68
Lämmer;68
senden;68
Reden;68
regierte;68
Hunger;68
frei;68
ganzem;68
leiden;68
richtete;67
Hebron;67
Nachts;67
Knaben;67
fragte;67
Laßt;67
rechte;67
Schriftgelehrten;67
ewigen;66
früh;66
herab;66
Nimm;66
lieb;66
Schande;66
Tisch;66
Feind;66
gehorchen;66
selber;66
Unrecht;66
fuhr;65
Weibern;65
dreißig;65
gezogen;65
halben;65
morgen;65
satt;65
Jahren;65
Löwe;65
Jordans;65
Last;65
Lamm;65
Fehl;65
Solches;65
Haut;65
Amen;65
Joas;65
Simon;65
Freund;64
schrie;64
Pharaos;64
stark;64
müsse;64
heilige;64
ewige;64
Hölle;64
Werken;63
schwanger;63
Same;63
legten;63
Lohn;63
Abimelech;63
denselben;63
zornig;63
weißt;63
Trübsal;63
solch;63
Oder;63
machst;63
Flügel;63
Galiläa;63
Hohenpriester;63
Erkenntnis;62
gegessen;62
opferte;62
zerstreut;62
Fremdling;62
ausgerottet;62
wären;62
Mannes;62
achten;62
Edom;62
getrost;62
redeten;62
weise;62
Stärke;62
hielten;62
Fels;62
wenden;62
Schiff;62
Cherubim;61
Bruders;61
Hütten;61
höret;61
Geschlechter;61
Kanaaniter;61
Herren;61
darein;61
allenthalben;61
treiben;61
vergessen;61
Leinwand;61
fest;61
Eleasar;61
vielen;61
Zentner;61
breit;61
zerbrochen;61
Jerobeam;61
Apostel;61
Seid;60
hinfort;60
fing;60
Alles;60
bleibe;60
Bogen;60
waschen;60
weit;60
gern;60
lege;60
Vorstädte;60
Gedanken;60
Gassen;60
Bäume;59
schaffen;59
Sichem;59
Damaskus;59
aßen;59
möchte;59
Schatten;59
Traum;59
Abrahams;59
Reichtum;59
Freuden;59
offenbart;59
Übel;59
Gefangenen;59
Esther;59
Landen;59
eins;59
Toren;59
Jericho;59
geworfen;59
Chaldäer;59
Kopf;58
verderbt;58
hohen;58
gedenken;58
einmal;58
hart;58
fürchteten;58
behalten;58
Gebeine;58
schrieen;58
Gefäße;58
Stammes;58
Ihre;58
lebendigen;57
Geruch;57
draußen;57
floh;57
heim;57
Raum;57
anderes;57
Gelübde;57
solls;57
Bild;56
herrschen;56
Sehet;56
gesegnet;56
Linken;56
hernach;56
acht;56
wußte;56
blieben;56
fürchte;56
Trankopfer;56
Plage;56
Heiligtums;56
berufen;56
Verstand;56
Vorhof;56
dessen;56
Sünder;56
getötet;56
wandelte;56
Tyrus;56
Gras;55
segnete;55
Jugend;55
Elisa;55
dannen;55
Abram;55
Schild;55
Bist;55
Joch;55
Levi;55
danken;55
solcher;55
Angst;55
Honig;55
gebiete;55
Grund;55
Namens;55
anderer;55
geschieht;55
Zeugen;55
»Ich;55
Buße;55
Pilatus;55
eigenen;54
trugen;54
demselben;54
erhob;54
Boden;54
Güter;54
lieber;54
Geschenke;54
Ruben;54
versöhnen;54
herrlich;54
heimsuchen;54
haltet;54
Königreichs;54
Zedekia;54
vorzusingen;54
Elenden;54
seist;53
lebe;53
mirs;53
Gottlose;53
Enden;53
wollest;53
fliehen;53
Decke;53
warf;53
gehet;53
Schmach;53
Vaterhäusern;53
verbrennen;53
Seiten;53
erfüllt;53
hats;53
verachtet;53
warten;53
Basan;53
Bileam;53
Türen;53
Abner;53
Zefanja;53
Weil;52
gedenke;52
junge;52
komm;52
stellte;52
stirbt;52
zuhauf;52
Stämme;52
Hälfte;52
Purpur;52
sicher;52
währet;52
offenbar;52
Geistes;52
Strom;51
größer;51
erwürgt;51
lebte;51
vertilgt;51
Leibes;51
richte;51
reich;51
trug;51
lief;51
Gerechte;51
Knechtes;51
ziehet;51
nehme;51
freundlich;51
versammelt;51
werfen;51
sündigen;51
Befehl;51
Dieser;51
Pestilenz;51
Gedächtnis;51
Moses;51
hassen;51
umkommen;51
Felsen;51
hilft;51
Salomos;51
Halle;51
möge;50
Regen;50
Weinberge;50
besitzen;50
Semmelmehl;50
eilend;50
betrübt;50
Josephs;50
hätten;50
womit;50
flohen;50
Stämmen;50
Räuchwerk;50
süßen;50
Zorns;50
Altäre;50
Eisen;50
richtet;50
bekehren;50
Wegen;50
bestehen;50
Gesetzes;50
weggeführt;50
Tische;50
Königin;50
Mardochai;50
Geduld;50
fürchtete;49
schön;49
vertilgen;49
Schrecken;49
Blöße;49
Ländern;49
kannst;49
wohne;49
weinte;49
angesagt;49
wert;49
Komm;49
weiden;49
zerrissen;49
Freunde;49
Getreide;49
Priesters;49
zerbrechen;49
Lied;49
Gewaltigen;49
anzünden;49
ausrotten;49
laufen;49
letzten;49
Königreiche;49
Rehabeam;49
Jehu;49
Haggai;49
Maria;49
Tieren;48
inwendig;48
Hebe;48
jene;48
stehe;48
bitten;48
guter;48
silberne;48
Torheit;48
verbrannt;48
loben;48
Widersacher;48
anbeten;48
Altars;48
Krone;48
erlöst;48
Vaterhäuser;48
Helden;48
Odem;47
Weibes;47
müde;47
Schuld;47
Hals;47
Weinstock;47
gewiß;47
Nicht;47
fällt;47
Wand;47
wandelt;47
Frommen;47
Sinn;47
erhöht;47
liebt;47
Lügen;47
Nahum;47
Sterne;46
bringe;46
esset;46
aufgetan;46
erschlagen;46
Erdboden;46
dasselbe;46
vielleicht;46
Straße;46
schlafen;46
Silberlinge;46
Schaf;46
Aufgang;46
Erstgeburt;46
Fluch;46
Fülle;46
Naphthali;46
mußte;46
Zeuge;46
Witwe;46
weissagen;46
schreien;46
Passah;46
Hauptleute;46
Weinberg;46
Hörner;46
verstoßen;46
dennoch;46
Grab;46
lehrte;46
Hügel;46
Ursache;46
Glaube;46
Herodes;46
Lasset;45
vollendet;45
Mache;45
Sodom;45
Knabe;45
wachsen;45
verkündigt;45
Welcher;45
Gestalt;45
Schätze;45
Feste;44
jegliches;44
Garten;44
werdest;44
Kammern;44
unten;44
Ernte;44
segnen;44
sichs;44
merken;44
Milch;44
Stück;44
setzten;44
laut;44
anders;44
Monate;44
Reiter;44
versammelten;44
schuldig;44
Kleidern;44
Durch;44
Posaune;44
Frevel;44
keinem;44
sucht;44
zunichte;44
Geboten;44
sandten;44
Zadok;44
untertan;43
Bösen;43
ganzes;43
Töchtern;43
befahl;43
ausziehen;43
großem;43
verheißen;43
Laban;43
gewann;43
vorigen;43
fragten;43
Wassers;43
gedient;43
mans;43
merke;43
Schatz;43
hingehen;43
Strafe;43
verloren;43
Ordnung;43
wahrlich;43
rufe;43
hilf;43
Brief;43
Joram;43
Ahas;43
Zungen;43
geschaffen;42
gehorcht;42
Maul;42
zweiten;42
führe;42
zählen;42
Zehnten;42
Jünglinge;42
Fürchte;42
gezählt;42
suchte;42
fern;42
Jungfrau;42
umsonst;42
Wohl;42
Sebulon;42
gesalbt;42
saßen;42
krank;42
worden;42
sitzt;42
dienten;42
gemengt;42
Stehe;42
lässest;42
neuen;42
vierte;41
Desgleichen;41
merkte;41
erschien;41
erwürgen;41
eben;41
Fremden;41
kehrte;41
erhalten;41
mußt;41
beten;41
sterbe;41
verkauft;41
Weges;41
Rock;41
Kommt;41
Sack;41
Kindlein;41
half;41
dieselben;41
Gleichnis;41
Waisen;41
Leuchter;41
derselbe;41
Most;41
Bürger;41
festen;41
Trost;41
glaubet;41
Schule;41
erfüllet;40
gebären;40
Dornen;40
Länder;40
Kamele;40
Ägyptens;40
wiewohl;40
Wohlan;40
zugerichtet;40
wann;40
kennen;40
heimlich;40
gehabt;40
eigen;40
Finger;40
schlachten;40
glaubten;40
kund;40
Brote;40
versammelte;40
Spieß;40
Gilgal;40
Mizpa;40
Narr;40
Satan;40
glaubt;40
hoffe;40
Verheißung;40
Auferstehung;40
Bäumen;39
Alter;39
Assur;39
erkannt;39
klein;39
Dirne;39
Rahel;39
Simeon;39
gerichtet;39
folgte;39
zerriß;39
siebzig;39
Oberste;39
Sinai;39
Sein;39
Witwen;39
Netz;39
sprichst;39
Gefäß;39
Zedern;39
Dörfer;39
Fleiß;39
Gibea;39
Ehren;39
Verderben;39
Landpfleger;39
Pred;39
Lebendigen;38
angenehm;38
Mühe;38
Grenzen;38
Teuerung;38
Seir;38
gutes;38
Höhle;38
Grabe;38
gerne;38
Asser;38
käme;38
Stab;38
unsere;38
Erschlagenen;38
Edomiter;38
Midianiter;38
warfen;38
Kämmerer;38
Kammer;38
widerfahren;38
opferten;38
ausgehen;38
nimmer;38
singen;38
betet;38
Leibrock;38
Stücke;38
schreibe;38
verunreinigt;38
Ortschaften;38
Ruhm;38
Spott;38
Gideon;38
Benaja;38
Asarja;38
Jerobeams;38
Obadja;38
Winde;38
Manne;37
Schlange;37
Fleisches;37
Länge;37
mußten;37
Willst;37
Gegend;37
siehst;37
kommst;37
Ismael;37
Sollte;37
Asche;37
Rauch;37
Schärfe;37
fremden;37
Bethlehem;37
verzehren;37
fingen;37
Urteil;37
errette;37
Bett;37
sende;37
fuhren;37
Orten;37
schrieb;37
Stangen;37
ehernen;37
Haar;37
Ding;37
plötzlich;37
Hesbon;37
Taten;37
achtet;37
kennt;37
Rute;37
Tiefe;36
Wassern;36
hervor;36
Fische;36
ergrimmte;36
strafen;36
immerdar;36
bedeckt;36
Daher;36
Sidon;36
bauten;36
männlich;36
Abends;36
schicken;36
rührte;36
alsdann;36
Schafen;36
solchen;36
bezahlen;36
Über;36
Weide;36
gebunden;36
Gewicht;36
Waffen;36
Krieg;36
beteten;36
falsche;36
Simei;36
Weizen;36
gerüstet;36
zerschlagen;36
Niemand;36
arbeiten;36
unschuldig;36
Krankheit;36
übergeben;36
Rache;36
Gibeon;36
Baal;36
Philistern;36
Nathan;36
Amazja;36
Haman;36
vergehen;36
Gemeinden;36
klug;35
trieb;35
Fenster;35
hoben;35
trunken;35
verzehrt;35
Meinst;35
Gasse;35
heutigestages;35
bitte;35
Epha;35
Haufe;35
Isaschar;35
Böcke;35
Harfen;35
könnte;35
übrige;35
tötete;35
Habt;35
gelassen;35
Blinden;35
desgleichen;35
Dann;35
nimmermehr;35
Steinen;35
Spricht;35
Scharlach;35
Ringe;35
Zeugnisses;35
eherne;35
Ketten;35
Glieder;35
kenne;35
Summe;35
Unreinigkeit;35
schauen;35
schwach;35
Hamath;35
Balak;35
zeigte;35
Böse;35
Silo;35
Heiland;35
Starken;35
Schreiber;35
Sänger;35
Selig;35
Philippus;35
Guten;34
siebenmal;34
trösten;34
wills;34
Inseln;34
Sach;34
erschienen;34
Hethiter;34
Sara;34
zeugen;34
gehorsam;34
geachtet;34
vierten;34
fünften;34
bricht;34
Fremdlinge;34
Mond;34
lauter;34
fordern;34
nehmet;34
Schiffe;34
Jungfrauen;34
Heilige;34
Gedenke;34
Eine;34
Gaben;34
Schmuck;34
übrigbleiben;34
Eifer;34
Kriegsleute;34
Person;34
erschrecken;34
heilen;34
Rama;34
auferweckt;34
entschlief;34
Jerusalems;34
Kelch;34
Glaubens;34
predigte;33
Breite;33
wenns;33
sintemal;33
BeerSeba;33
gäbe;33
schwur;33
Treue;33
setze;33
zieht;33
schlägt;33
entrinnen;33
Geschenk;33
starken;33
Schwerts;33
Hure;33
töteten;33
traurig;33
Becher;33
erheben;33
Manasses;33
gewandelt;33
geholfen;33
vergelten;33
erlösen;33
opfert;33
Panier;33
falsch;33
Wird;33
Golde;33
Riegel;33
Gürtel;33
allewege;33
jährige;33
weinen;33
ungehorsam;33
einzunehmen;33
Wurzel;33
Gath;33
Gewissen;33
Simson;33
vollkommen;33
Zuversicht;33
Hast;32
fromm;32
aufrichten;32
zeigen;32
brach;32
beschlossen;32
Ofen;32
vorhanden;32
wahrhaftig;32
besonders;32
bittet;32
lagern;32
zieh;32
begruben;32
wendet;32
versammeln;32
grünen;32
Häusern;32
Geburt;32
stellen;32
obersten;32
jener;32
verordnet;32
Jammer;32
gedacht;32
Gebiet;32
vertrieben;32
bereit;32
haßt;32
geopfert;32
Sitten;32
Jungen;32
weichen;32
Gefilde;32
treten;32
lernen;32
frage;32
erwecken;32
gelesen;32
freue;32
Pfeile;32
Jesreel;32
suchten;32
Feigenbaum;32
Chor;32
Semaja;32
Josia;32
auferstehen;32
taufen;32
auferstanden;32
finster;31
regnen;31
gewonnen;31
Noah;31
einerlei;31
Elend;31
bins;31
Soll;31
Kalb;31
handeln;31
Hier;31
Ufer;31
stieg;31
segne;31
Schoß;31
Zieh;31
gehorchten;31
Ziegenbock;31
Glück;31
keines;31
kaufen;31
übriggeblieben;31
besten;31
alten;31
Gerücht;31
allesamt;31
Heuschrecken;31
mögen;31
versucht;31
stritt;31
anrührt;31
Ansehen;31
weißer;31
trägt;31
Nieren;31
sündigt;31
verstört;31
verworfen;31
gilt;31
schreiben;31
einnehmen;31
sagst;31
Kniee;31
wandelten;31
hältst;31
Mundes;31
Posaunen;31
kleine;31
danke;31
Jojada;31
Gedalja;31
Dingen;31
Wohlgefallen;31
»Der;31
fließt;30
Nein;30
zehnten;30
allda;30
Amalekiter;30
Arme;30
erhört;30
getrunken;30
preisen;30
beim;30
Haare;30
diene;30
lösen;30
Lampen;30
Vorhang;30
Adler;30
desto;30
Drommeten;30
Volkes;30
treulich;30
lehre;30
geliebt;30
Zeugnisse;30
fährt;30
Tempels;30
Weissagung;30
Uria;30
Tränen;30
Esth;30
Übeltäter;30
gepredigt;30
baten;30
Ruten;30
Himmelreich;30
getauft;30
Vögeln;29
Schlaf;29
lieblich;29
bewahren;29
hineingehen;29
Nahrung;29
vergossen;29
Verflucht;29
Jebusiter;29
Sprache;29
gelobt;29
verschlossen;29
gehorchte;29
gering;29
unrecht;29
wisse;29
möchten;29
kehrten;29
Mahl;29
riefen;29
ausgegangen;29
Gute;29
Korah;29
andernmal;29
Werdet;29
Zähne;29
Tenne;29
Tauben;29
folgten;29
verführen;29
Tafeln;29
Ecken;29
ringsumher;29
Nuns;29
könnt;29
solchem;29
Botschaft;29
Baals;29
ganzer;29
Strick;29
Mannschaft;29
Wonne;29
Schilde;29
Flehen;29
Torhüter;29
Zucht;29
Nazareth;29
Barnabas;29
leer;28
Kraut;28
esse;28
aufgerichtet;28
wandten;28
geflohen;28
Rindern;28
stehet;28
soviel;28
aufstehen;28
dieselbe;28
suche;28
Amtleute;28
königlichen;28
Fürchtet;28
Hagel;28
dienet;28
ewig;28
verkündigte;28
ehren;28
Dunkel;28
gehst;28
dreimal;28
dadurch;28
verbrannte;28
Bauch;28
Aussatz;28
setzt;28
Stecken;28
ließe;28
erwählen;28
schaue;28
verstehen;28
anrufen;28
gepflanzt;28
Mangel;28
Wald;28
versiegelt;28
stritten;28
gedachten;28
Gesalbten;28
Abia;28
bewahrt;28
Amnon;28
dafür;28
Ahasja;28
treibt;28
stets;28
Johanan;28
Ahasveros;28
ruft;28
Vogel;27
zertreten;27
Schmerzen;27
aufhören;27
Alsdann;27
Turm;27
hernieder;27
dort;27
Geschichten;27
daheim;27
schwören;27
gebt;27
Höre;27
folgen;27
gram;27
dabei;27
zuerst;27
Geschäft;27
begegnen;27
hinaufziehen;27
umgehen;27
Allmächtigen;27
errettete;27
gerufen;27
starke;27
starben;27
Donner;27
Gerste;27
Rossen;27
Räder;27
getragen;27
schläft;27
willig;27
Akazienholz;27
Eingeweide;27
Zehntel;27
schnell;27
Übertretung;27
überzog;27
Schuldopfer;27
Abgötterei;27
Alten;27
Äcker;27
Geister;27
Hügeln;27
Hohepriester;27
schonen;27
stolz;27
Wächter;27
erhoben;27
Boas;27
Horn;27
wegnehmen;27
gottlos;27
Lehrer;27
weissage;27
Mazedonien;27
gewahr;26
verbergen;26
Jüngling;26
Elle;26
wuchs;26
hinzu;26
Gelobt;26
Elam;26
Mägde;26
Schlacht;26
hießen;26
gelegen;26
ansehen;26
Feldhauptmann;26
reckte;26
Rebekka;26
schöne;26
Haben;26
neigte;26
Sachen;26
reißen;26
Herden;26
fürder;26
warst;26
wirs;26
finde;26
bringet;26
silbernen;26
verkündigten;26
junger;26
Zweige;26
Klage;26
baden;26
kehren;26
sammelte;26
tritt;26
zerbrach;26
versündigt;26
zusammenkommt;26
ausgezogen;26
gesät;26
blauem;26
räuchern;26
Gerät;26
aufheben;26
überantwortet;26
reinigen;26
lesen;26
mancherlei;26
achte;26
Sind;26
davor;26
Gewächs;26
Leichname;26
darf;26
beides;26
Neben;26
Schale;26
schämen;26
gelingen;26
vormals;26
Totschläger;26
gelehrt;26
Ramoth;26
Lobet;26
kehre;26
Bande;26
hoffen;26
Wandel;26
Briefe;26
Fasten;26
Asaphs;26
Auserwählten;26
Heuchler;26
Engeln;26
Griechen;26
gekreuzigt;26
ermahne;26
kleines;25
nackt;25
Hüter;25
Vermögen;25
ruhen;25
Hitze;25
trank;25
ziehe;25
stößt;25
Gesinde;25
hieher;25
Sand;25
Mantel;25
ausgerichtet;25
Korn;25
legt;25
diente;25
außen;25
weinten;25
wohnet;25
böses;25
Thamar;25
Ägyptern;25
Wisset;25
könne;25
austeilen;25
Daselbst;25
Glied;25
erwürgte;25
Pinehas;25
gegründet;25
Wohnungen;25
ausrichten;25
Stufen;25
gebührt;25
Hunde;25
blind;25
geraten;25
Hebopfer;25
Gnadenstuhl;25
erbarme;25
zerreißen;25
Sabbate;25
Kaleb;25
Arnon;25
Friedens;25
Hader;25
neue;25
vorzeiten;25
dünkt;25
Handel;25
Geheimnis;25
zweihundert;25
stellten;25
herum;25
Jephthah;25
klagen;25
geladen;25
froh;25
zwar;25
entsetzten;25
Zeruja;25
Adonia;25
Jojadas;25
Nebats;25
jämmerlich;25
Wetter;25
Hananja;25
Kores;25
Ordnungen;25
Persien;25
Darius;25
Baruch;25
Judäa;25
gläubig;25
verflucht;24
hinweg;24
mehren;24
Höchsten;24
hebe;24
vorüber;24
ergriffen;24
behütet;24
erhörte;24
gestellt;24
Meeres;24
Stroh;24
schickte;24
wolle;24
kämen;24
schönen;24
länger;24
erhören;24
wußten;24
jeglichem;24
Ephraims;24
Versammlung;24
Schreien;24
Schuhe;24
verwandelt;24
Bäche;24
steinigen;24
Schwelle;24
siebente;24
vorn;24
lästern;24
Erstlinge;24
Salbe;24
rotem;24
Leuchte;24
dient;24
anziehen;24
Gottesdienst;24
ewiges;24
zurück;24
Rücken;24
versöhnt;24
freien;24
Satzungen;24
treu;24
feste;24
führt;24
gewichen;24
Sihon;24
Bilder;24
angenommen;24
Sondern;24
erbarmen;24
auftun;24
pflanzen;24
gearbeitet;24
Leichnam;24
überantworten;24
Heils;24
Lachis;24
Gleichwie;24
verließen;24
Preis;24
Stricke;24
verdorrt;24
harren;24
Bitte;24
Hort;24
Getümmel;24
verläßt;24
nütze;24
Abisai;24
Fremde;24
Herrschaft;24
Klugheit;24
Jesua;24
vergeblich;24
Lieben;24
heulen;24
Halleluja;24
Ungerechtigkeit;24
Predigt;24
predige;24
Kreuz;24
trage;23
machet;23
solltest;23
gezeugt;23
Kasten;23
Einer;23
Spitze;23
Freundschaft;23
gewohnt;23
wandle;23
umbringen;23
griffen;23
erben;23
Isaaks;23
Esaus;23
sechsten;23
schlage;23
Antwort;23
verkaufen;23
weisen;23
Teile;23
zerstreuen;23
verfolgen;23
wiederkommen;23
forderte;23
Nehmet;23
breitete;23
Schilfmeer;23
Becken;23
Berges;23
nahen;23
darinnen;23
Dieb;23
feinem;23
hinten;23
Versöhnung;23
stoßen;23
wilden;23
neues;23
wächst;23
verachten;23
sechzig;23
Feigen;23
Missetaten;23
fein;23
Kelter;23
fließen;23
Gründen;23
gedemütigt;23
alters;23
begehrt;23
woher;23
allzumal;23
Jabes;23
erniedrigt;23
grüßen;23
Hohn;23
Gelobet;23
Kriegsknechte;23
Joahas;23
Josias;23
Jojakim;23
Dank;23
Gefangenschaft;23
geschehe;23
lobet;23
verdammt;23
Wellen;23
Eltern;23
Taufe;23
Schulen;23
Hohenpriestern;23
Klarheit;23
Grüßet;23
sechste;22
Euphrat;22
Früchten;22
Adam;22
sechshundert;22
Dach;22
jegliche;22
hinausgehen;22
beschnitten;22
Kuchen;22
obs;22
weniger;22
Unser;22
getrieben;22
tranken;22
küßte;22
indem;22
lagen;22
vierzehn;22
Groschen;22
erwürgten;22
Hirte;22
hineinkam;22
ausrufen;22
dreihundert;22
Bette;22
Welche;22
Beute;22
seit;22
Wirst;22
sammelt;22
ärger;22
wegführen;22
bedecken;22
Sauerteig;22
Geiz;22
falschen;22
Haken;22
Siegel;22
habens;22
Tors;22
Dienstes;22
Topf;22
Eure;22
stracks;22
geglaubt;22
übertreten;22
aufkommen;22
Sieg;22
Heeres;22
wehe;22
verführt;22
herrlichen;22
Karmel;22
solle;22
lobten;22
schweigen;22
Abjathar;22
Joabs;22
Gefallen;22
Walde;22
lehrt;22
erfunden;22
Baesa;22
Benhadad;22
zerstört;22
Hilkia;22
rechter;22
anzeigen;22
Susan;22
Befehle;22
Anschläge;22
Mörder;22
Gemeinschaft;22
Braut;22
Reichen;22
Evangeliums;22
Seligkeit;22
aufgehen;21
erkannte;21
Gomorra;21
offen;21
vierzehnten;21
habest;21
Frau;21
angesehen;21
Spötter;21
reichlich;21
getröstet;21
Fell;21
Jahres;21
köstliche;21
segnet;21
gibst;21
saget;21
begangen;21
Bock;21
Ähren;21
Wollt;21
Säcke;21
Herberge;21
Bringet;21
Merari;21
verkündige;21
binden;21
Beschneidung;21
gesprochen;21
wich;21
jagten;21
Gesetze;21
darunter;21
glaube;21
Löffel;21
Schalen;21
gezwirnter;21
Kunst;21
Weihrauch;21
gehören;21
leidet;21
gereinigt;21
bekennen;21
aufdecken;21
Halljahr;21
gerechnet;21
verschmachten;21
Hauptleuten;21
geblieben;21
täglichen;21
Unsre;21
diesseit;21
Vorstädten;21
falle;21
waret;21
Flecken;21
treffen;21
verdient;21
erhöre;21
baut;21
getroffen;21
Hinterhalt;21
Asdod;21
Weißt;21
Unbeschnittenen;21
Erben;21
Isais;21
Isai;21
Achis;21
Bote;21
weggenommen;21
Gefängnisses;21
Usia;21
Greueln;21
suchet;21
verstanden;21
rühme;21
verwüstet;21
sehend;21
jüdischen;21
Verdammnis;21
Kaiser;21
teilhaftig;21
Asien;21
Petr;21
Gewürm;20
Nase;20
teilte;20
Gewässer;20
trocken;20
rächen;20
Gaza;20
brennen;20
Haran;20
Zank;20
Kann;20
Riesen;20
Bringe;20
vierhundert;20
beschneiden;20
heutigen;20
gehandelt;20
dachte;20
füllte;20
Sieben;20
spreche;20
beweisen;20
Grunde;20
Halse;20
gewandt;20
redest;20
Viehs;20
Reben;20
jenen;20
besehen;20
erschraken;20
Kahath;20
Eselin;20
Rohr;20
heimgesucht;20
geplagt;20
gebieten;20
stieß;20
Gedenket;20
deswillen;20
umkehren;20
zugleich;20
erscheinen;20
Fall;20
Spezerei;20
leuchten;20
füllen;20
heiligt;20
entheiligt;20
barmherzig;20
geduldig;20
Vorhofs;20
Will;20
Salz;20
Wolle;20
säen;20
zehntausend;20
brechen;20
Schüssel;20
Aufruhr;20
wartet;20
Hohenpriesters;20
kennet;20
aufgehoben;20
Zuflucht;20
alte;20
BethSemes;20
abgehauen;20
Jotham;20
Mutterleibe;20
drinnen;20
Waffenträger;20
voller;20
Eingang;20
dankte;20
Helfer;20
bessern;20
gilts;20
Sallum;20
Asaph;20
gedenkt;20
Etliche;20
Erlöser;20
Bahn;20
Lüge;20
billig;20
verwunderte;20
scheiden;19
nennen;19
schlief;19
Kain;19
auswendig;19
untergehen;19
verderbe;19
Heviter;19
Plagen;19
jagte;19
plagen;19
Stücken;19
Morgenröte;19
Schulter;19
Kebsweib;19
Mesopotamien;19
Krug;19
Stirn;19
dunkel;19
Loch;19
Lämmern;19
würdest;19
Kühe;19
gefressen;19
oberste;19
Wahrsager;19
höher;19
aufmachen;19
stelle;19
Levis;19
bestimmt;19
Nadab;19
sollens;19
Saget;19
vorübergehen;19
jährlich;19
Zittern;19
richteten;19
wiedergeben;19
Herrscher;19
Tuch;19
Granatäpfel;19
leinenen;19
Getränk;19
tief;19
Großen;19
ernten;19
neunten;19
entsetzen;19
zwölften;19
weissagten;19
erkunden;19
Schutz;19
Wende;19
gebet;19
Gebein;19
gefahren;19
Vornehmen;19
zwölftausend;19
Meers;19
halbe;19
trinket;19
eisernen;19
vielmehr;19
verlässest;19
fernen;19
eiserne;19
zweite;19
Michas;19
fahre;19
Trabanten;19
Hiram;19
Saitenspiel;19
weiser;19
denke;19
bewegt;19
Asas;19
Isebel;19
Erdbeben;19
Mohren;19
Serubabel;19
strafe;19
Paläste;19
Viele;19
bekehrt;19
Pracht;19
innern;19
Leiden;19
stärken;19
elend;19
Hoffart;19
freut;19
Vergebung;19
Zukunft;19
Zöllner;19
Antiochien;19
sähe;18
fort;18
Tyrannen;18
Sintflut;18
Taube;18
Ninive;18
Pheresiter;18
Kades;18
Flucht;18
entronnen;18
Gesegnet;18
ausgeführt;18
Wasserbrunnen;18
gabs;18
meinetwillen;18
Maacha;18
Fremder;18
wehren;18
Gütern;18
Hüfte;18
erzählte;18
stießen;18
täte;18
Übles;18
bange;18
Sukkoth;18
geschändet;18
nehmt;18
feind;18
Perez;18
Deutung;18
schaffe;18
Vorrat;18
verständig;18
bisher;18
Gerson;18
möget;18
Zepter;18
tötet;18
herausgehen;18
Zauberer;18
Erlösung;18
fassen;18
Gast;18
zeige;18
anrühren;18
Ochse;18
verdammen;18
verbannt;18
ungesäuerten;18
Unter;18
Bretter;18
gießen;18
Reihen;18
Priestertum;18
sprengen;18
Hochheiliges;18
Reiche;18
geschickt;18
heiliger;18
verunreinigen;18
jähriges;18
entheiligen;18
Scheffel;18
magst;18
Straßen;18
züchtigen;18
Nathanael;18
fünfundzwanzig;18
matt;18
Weinen;18
werdens;18
etlichen;18
verkehrt;18
Freudigkeit;18
Thirza;18
Ecke;18
Nachbarn;18
umgebracht;18
widerstehen;18
liebet;18
fleißig;18
dünken;18
gebeten;18
Schwiegermutter;18
Sprichwort;18
ergreifen;18
hinüber;18
Ekron;18
abtrünnig;18
Baalim;18
denken;18
antwortet;18
Naemi;18
Allmächtige;18
Gefahr;18
verfolgt;18
Seraja;18
Ahabs;18
Hasael;18
verließ;18
Mesullam;18
Ziel;18
Stolzen;18
harre;18
Netze;18
bekannt;18
Bräutigam;18
bedrohte;18
Aposteln;18
weiland;18
Ephesus;18
fruchtbar;17
schreit;17
obenan;17
Flut;17
Allein;17
Seba;17
Schwiegertochter;17
reisen;17
beieinander;17
Höchste;17
siehest;17
vieler;17
eilte;17
unmöglich;17
ausgeredet;17
heilte;17
erzeigen;17
gegraben;17
faßte;17
wende;17
Dirnen;17
gesammelt;17
bestätigen;17
Gezelt;17
kannte;17
Maßen;17
beraubt;17
bloß;17
töricht;17
gestraft;17
Füllen;17
begegnet;17
neigten;17
ginge;17
Schwiegervater;17
Pfand;17
Schnur;17
hängen;17
reichen;17
sammelten;17
redlich;17
Ware;17
auftat;17
verwunderten;17
licht;17
weissagt;17
hinunter;17
führet;17
Hürden;17
Brüste;17
Ungerechten;17
Horeb;17
Flamme;17
ausstrecken;17
sinds;17
innewerden;17
Ströme;17
zurichten;17
Brots;17
trinke;17
bezeugt;17
wieviel;17
falscher;17
verzagt;17
Flügeln;17
fünfzehn;17
Ölbaum;17
starker;17
wunderbar;17
fremde;17
solltet;17
Reinigung;17
kundtun;17
reicht;17
gestritten;17
baue;17
vertreiben;17
Spruch;17
geöffnet;17
Simri;17
Kriegsvolk;17
Ostern;17
Libna;17
messen;17
wohin;17
hineinkommen;17
euretwillen;17
stärke;17
Dörfern;17
erzürnt;17
haltest;17
Levit;17
sättigen;17
rechtschaffen;17
Welches;17
würdig;17
unsträflich;17
dürren;17
fehlen;17
Schwestern;17
Hazor;17
Kegila;17
helfe;17
Sisera;17
spräche;17
Wohltat;17
Wache;17
Ahia;17
Michal;17
Gehorsam;17
Jonathans;17
»Siehe;17
Abigail;17
bekleidet;17
Arges;17
Freunden;17
überfallen;17
rauben;17
Balken;17
Samarias;17
Amon;17
Wunden;17
bestellte;17
gewinnen;17
Ahikams;17
Nethanjas;17
Chaldäern;17
Jojakims;17
Arbeiter;17
Tobia;17
gemein;17
geschmückt;17
Jude;17
Gesichte;17
vergeht;17
umgeben;17
schreie;17
tröstet;17
Ungewitter;17
soweit;17
Erdreich;17
schauet;17
verleugnen;17
Klagel;17
Märkte;17
Kranken;17
Cäsarea;17
anzusehen;16
Tadel;16
unreinen;16
vergangen;16
ausgebreitet;16
Derhalben;16
verderbte;16
übrigblieb;16
voneinander;16
gutem;16
Zwölf;16
Bissen;16
pflegen;16
jung;16
Errette;16
irre;16
Gräbern;16
bestätigt;16
lobte;16
List;16
Ziegen;16
Lauf;16
Heere;16
fragt;16
annehmen;16
Theman;16
hingingen;16
Träume;16
schlachteten;16
Mutwillen;16
bekümmert;16
begegnete;16
grauen;16
Ziehet;16
Jüngsten;16
ansagen;16
Leiber;16
kriegen;16
Mächtigen;16
stärker;16
Schnee;16
trieben;16
Seufzen;16
Elkana;16
verstockt;16
Pfosten;16
mächtiger;16
Reitern;16
Gräber;16
bedeckte;16
nachgefolgt;16
Reigen;16
Seinen;16
erschrak;16
bezeuge;16
ungestraft;16
hadern;16
Brand;16
fluchen;16
Wild;16
vertilge;16
Cherub;16
bezeugen;16
aneinander;16
gezeigt;16
Widdern;16
Amts;16
täten;16
schwört;16
treuer;16
Opfern;16
urteilen;16
Bart;16
golden;16
Waage;16
gebrochen;16
Euch;16
etwa;16
Sabbats;16
Geschlechts;16
verwerfen;16
Angesichter;16
Oberster;16
Mannsbilder;16
währt;16
wegen;16
Festen;16
weissagte;16
Rotte;16
gottlosen;16
jeder;16
Platz;16
auszogen;16
vergilt;16
läuft;16
streitbare;16
bestellt;16
Anathoth;16
Räuber;16
anzubeten;16
griff;16
Manoah;16
erquickt;16
Traurigkeit;16
offenbaren;16
erbarmt;16
Vernunft;16
»Die;16
Burg;16
Zimbeln;16
fasten;16
Söller;16
hilfst;16
Meinung;16
Gang;16
Ascherabilder;16
anstatt;16
gewaltige;16
Maaseja;16
Danket;16
Schriftgelehrte;16
lobe;16
Wasserströme;16
zeugt;16
spotten;16
schweige;16
Lügner;16
fangen;16
meinst;16
schier;16
grimmigen;16
äußern;16
Kapernaum;16
Kreatur;16
alsobald;16
Saulus;16
nannte;15
fünfte;15
heiligte;15
köstlich;15
hangen;15
Derselbe;15
merket;15
Männlein;15
Nächte;15
empor;15
Saat;15
erfuhr;15
Sprachen;15
Wohlauf;15
unfruchtbar;15
erworben;15
ertragen;15
ausgenommen;15
tiefer;15
demütigen;15
bleibet;15
Messer;15
fürchtest;15
begrub;15
hüte;15
Essen;15
gekauft;15
heiße;15
Tritt;15
hattest;15
hüten;15
zuletzt;15
hing;15
Bürgern;15
geringer;15
Eiche;15
Amalek;15
Serah;15
Trauben;15
Ostwind;15
teuer;15
Woher;15
Daran;15
verschuldet;15
gewaschen;15
Benjamins;15
Gosen;15
sechzehn;15
erzürnen;15
währen;15
Dienern;15
verbarg;15
feiern;15
Meraris;15
Schlangen;15
gesucht;15
hinnen;15
ungesäuertes;15
Heute;15
nächsten;15
Moabs;15
Mirjam;15
fünfzehnten;15
bedarf;15
fehlt;15
Blitz;15
abbrechen;15
töte;15
salben;15
Brust;15
Sündopfers;15
getreten;15
vertilgte;15
starkes;15
scheuen;15
schafft;15
Grind;15
kahl;15
hineingeht;15
Freiheit;15
Fremdlingen;15
gelten;15
Vornehmsten;15
zählten;15
anstehen;15
Jephunnes;15
verbrannten;15
größere;15
schelten;15
Gileads;15
warteten;15
Aroer;15
Kleinen;15
Ammoniter;15
unverzagt;15
Wesens;15
Kriege;15
Dürftigen;15
Einöde;15
schießen;15
kehrt;15
KirjathJearim;15
Geser;15
droben;15
Ziklag;15
Geba;15
Übertretungen;15
erzürnten;15
erzählen;15
Hochzeit;15
Psalter;15
Harfe;15
Ahimaaz;15
Narrheit;15
Asahel;15
Ziba;15
Tröster;15
Hofe;15
Amasa;15
Spieße;15
Gemächer;15
bete;15
Pfund;15
Palast;15
Geiste;15
Wann;15
Athalja;15
Wille;15
richtig;15
angetan;15
Saphan;15
Saphans;15
Nebusaradan;15
aufgezeichnet;15
jauchzen;15
Lobe;15
werden«;15
Schloß;15
seufzen;15
Heulen;15
machtest;15
zittern;15
Verstörer;15
Kannst;15
Blätter;15
freuet;15
Menschenkindern;15
verlangt;15
hasse;15
predigt;15
versuchten;15
höhern;15
Schein;15
Obrigkeit;15
öffentlich;15
Buhlen;15
predigten;15
etliches;15
Unzucht;15
verraten;15
Almosen;15
unsaubern;15
himmlischen;15
Ungläubigen;15
Lazarus;15
Testament;15
Unterschied;14
Mohrenland;14
Dieweil;14
reute;14
fliegen;14
aufgedeckt;14
Tharsis;14
Heth;14
angefangen;14
zerstreute;14
Sarai;14
Mittagsland;14
Eselinnen;14
erwählte;14
wiederkam;14
Weiter;14
regieren;14
opfere;14
angebetet;14
Gefällt;14
jenes;14
herein;14
Herzeleid;14
zweimal;14
Häupten;14
behüten;14
ziehst;14
liebhaben;14
weiße;14
geleitet;14
Pauken;14
Mahanaim;14
kaufte;14
Eliphas;14
Garben;14
niederfallen;14
Myrrhe;14
Kaufleute;14
Körbe;14
kannten;14
Kundschafter;14
Euer;14
vergolten;14
trinkt;14
denkt;14
Hezron;14
Pferde;14
Schwerter;14
Steige;14
warte;14
Schützen;14
salbten;14
jammerte;14
ängsten;14
Schwanz;14
lassest;14
Stabe;14
sollts;14
hohe;14
nachfolgen;14
streitet;14
erzeigt;14
schrecklich;14
Gebt;14
kleinen;14
stehlen;14
angezündet;14
Feindes;14
beugen;14
steinerne;14
feinen;14
schütten;14
Leber;14
spielen;14
Lagers;14
leiten;14
Wochen;14
räucherte;14
Feuers;14
zündete;14
Klauen;14
Kessel;14
heil;14
berauben;14
Laubhütten;14
neunte;14
Erbgut;14
Eliab;14
taugte;14
Schar;14
vermag;14
brachen;14
Ratsherren;14
erhebt;14
gelästert;14
fraß;14
stille;14
gewannen;14
gehängt;14
Ebene;14
bewahre;14
Auen;14
kennst;14
hauen;14
schrecken;14
rings;14
liefen;14
hingen;14
hieben;14
Hecken;14
holten;14
Gewohnheit;14
Gesellen;14
lauern;14
ergriff;14
beugte;14
Hanna;14
Mehl;14
müsset;14
Kälber;14
Setze;14
Panzer;14
Nabal;14
Mephiboseth;14
Gänge;14
untertänig;14
Kanzler;14
Hilf;14
Ahithophel;14
Glanz;14
verschmachtet;14
sitze;14
Naboth;14
bessert;14
Josabad;14
Nebukadnezars;14
Weingärtner;14
Kareahs;14
Tempelknechte;14
Türme;14
Rats;14
verdorren;14
Thron;14
Sprich;14
Gläubigen;14
Verächter;14
wachen;14
verhalten;14
Schwachheit;14
leide;14
beben;14
Zephania;14
zukünftigen;14
isset;14
möglich;14
Geschlechte;14
Lüsten;14
ermahnen;14
blies;13
schaute;13
beider;13
nähren;13
Henoch;13
Noahs;13
regt;13
Sommer;13
Eber;13
Elieser;13
untergegangen;13
Hagar;13
erkauft;13
dreizehn;13
zubereitet;13
Schwefel;13
gestanden;13
eingehen;13
gestern;13
schlachtete;13
schöpfen;13
tränken;13
Haltet;13
Höfen;13
verkaufte;13
betrügen;13
Weile;13
nähme;13
stiegen;13
Woche;13
eigene;13
scheren;13
genesen;13
Einwohnern;13
Hadad;13
verkauften;13
gebest;13
dick;13
deuten;13
könnten;13
kundgetan;13
wolltet;13
wiedergekommen;13
tuts;13
zwiefältig;13
anhangen;13
Quelle;13
Busen;13
aussätzig;13
Stoppeln;13
hattet;13
Ithamar;13
sowohl;13
ausgereckt;13
schoß;13
ausbreiten;13
greifen;13
Erbteils;13
Sechs;13
Mühsal;13
freute;13
sitzest;13
leichter;13
Eigentum;13
Einen;13
nimmst;13
anderthalb;13
Schaubrote;13
Röhren;13
Knauf;13
Rand;13
überzogen;13
Nägel;13
dreitausend;13
begehren;13
Tiers;13
greulich;13
salbte;13
könnet;13
verschließen;13
weitergefressen;13
frißt;13
geschlachtet;13
wirft;13
Hoherpriester;13
Säule;13
schätzen;13
zählte;13
unversehens;13
anfing;13
Sabbattage;13
Sollen;13
hinan;13
Singet;13
Jaser;13
verstören;13
Eleasars;13
Naeman;13
freiwillig;13
Nebo;13
bauet;13
wenige;13
welch;13
versuchen;13
wandelst;13
Dürre;13
halsstarrig;13
liege;13
liebhat;13
Schwachen;13
Durst;13
hingegangen;13
toll;13
bliesen;13
verleugnet;13
köstlichen;13
Steinhaufen;13
Gesetzbuch;13
Eglon;13
belagerten;13
kommet;13
wichen;13
stärkte;13
Barak;13
ausgeschüttet;13
merkt;13
Pfeil;13
[]Und;13
Ahimelech;13
Ärgernis;13
Teich;13
Kebsweiber;13
Psaltern;13
Wortes;13
Jonadab;13
gesinnt;13
Schall;13
neige;13
Zweigen;13
Sitz;13
verlasse;13
Pfeiler;13
erkenne;13
Backen;13
Remaljas;13
Amoz;13
Verwüstung;13
Jeremias;13
gewaltig;13
Simons;13
Amarja;13
lehrten;13
letzte;13
Osterlamm;13
Hagg;13
ziemt;13
scheidet;13
Schöne;13
hofften;13
trifft;13
straft;13
Untugend;13
erweckt;13
Schläuche;13
gebeut;13
Blitze;13
handelt;13
Unterweisung;13
trachten;13
erquicke;13
Säue;13
Neid;13
wirkt;13
geweissagt;13
Gehilfen;13
Sadrach;13
Mesach;13
AbedNego;13
ärgert;13
Andreas;13
schifften;13
verklärt;13
verklagen;13
Abendmahl;13
Martha;13
einmütig;13
Silas;13
Festus;13
Phil;13
Lammes;13
sammle;12
scheinen;12
Bilde;12
Röcke;12
Abel;12
Mitte;12
abgebrochen;12
Menschenkinder;12
priesen;12
wohnst;12
Bela;12
abgefallen;12
glaubte;12
fremd;12
Kehre;12
befehlen;12
Gerechter;12
Führe;12
Eidam;12
verzog;12
Unfall;12
gehorche;12
versuchte;12
band;12
Eides;12
Goldes;12
Kleinode;12
Midian;12
Zeitlang;12
obenher;12
betrogen;12
Abermals;12
Tagereisen;12
Kräften;12
Hüte;12
sendet;12
heißest;12
Mägdlein;12
ausging;12
deuchte;12
Diesen;12
Deinen;12
gerissen;12
Geschichte;12
Korbe;12
steigen;12
bedeutet;12
prüfen;12
hinabziehen;12
Haushalter;12
entbrannte;12
enthalten;12
Kindeskinder;12
Rubens;12
tüchtig;12
schaffte;12
Erstgeborene;12
Held;12
edle;12
Wundern;12
ausführen;12
Abihu;12
steinernen;12
Gefäßen;12
taugt;12
verstockte;12
Isop;12
Wolkensäule;12
blasen;12
Gegen;12
kochen;12
Hochmut;12
gebietet;12
Häuptern;12
heiliges;12
Sabbattag;12
jemandes;12
teilen;12
Geringen;12
Ölberg;12
behüte;12
ausstoßen;12
überziehen;12
herzubringen;12
Salböl;12
gefüllt;12
verfallen;12
Brandopferaltar;12
hieb;12
Köpfe;12
jenem;12
zerhauen;12
Pfanne;12
abgerissen;12
Versehen;12
wusch;12
Scheu;12
Zedernholz;12
zuwider;12
unbeschnitten;12
schaut;12
abgesondert;12
angezogen;12
heben;12
Dienstarbeit;12
Speisopfern;12
lästert;12
verbannten;12
Elisama;12
breiten;12
zusehen;12
Essig;12
Beste;12
Gleichnisse;12
Wissen;12
geschmäht;12
gedenket;12
tretet;12
Neues;12
»Das;12
erfahre;12
Verfolger;12
Richtern;12
Machirs;12
neun;12
Brandopfern;12
brachtens;12
Astharoth;12
Hermon;12
Rabba;12
Königreichen;12
mächtige;12
Majestät;12
gestärkt;12
Niedergang;12
darfst;12
eingenommen;12
Bann;12
allerdinge;12
wohnest;12
flieht;12
schändlich;12
Hurer;12
erhält;12
besteht;12
gepriesen;12
Galle;12
umgekehrt;12
Frage;12
Grundfesten;12
Rahab;12
umzubringen;12
Debir;12
belagerte;12
lose;12
werfe;12
halfen;12
erweckte;12
weiche;12
vertraut;12
Gewand;12
entschlafen;12
bliebe;12
Jauchzen;12
Wehe;12
bekehret;12
Seher;12
erlöse;12
verachteten;12
herrscht;12
Werden;12
Ners;12
heiliget;12
pflegte;12
bezahlt;12
gestaltet;12
weinet;12
meinten;12
Lahmen;12
Hadadeser;12
Zoba;12
pflegt;12
gewinne;12
folgt;12
Kidron;12
folge;12
Gebeinen;12
traue;12
Schelten;12
Psalmen;12
Heman;12
einander;12
Bath;12
flehen;12
breitet;12
Reicharabien;12
hüteten;12
Gehasi;12
Beutel;12
Winkel;12
geräuchert;12
Eljakim;12
Hilkias;12
Wurzeln;12
bewegen;12
Matthanja;12
fünfhundert;12
Jedaja;12
sonderlich;12
weißen;12
gütig;12
Besserung;12
Wüsten;12
wüste;12
Arthahsastha;12
zürnen;12
Erste;12
trachteten;12
Verborgenen;12
stolzen;12
müßte;12
Klugen;12
Blume;12
Trauern;12
sein«;12
Spreu;12
zerschmettert;12
bereiten;12
Perlen;12
wartete;12
Schakale;12
»Wer;12
trauen;12
Tiefen;12
uneins;12
Jammers;12
vergesse;12
Stille;12
brüllen;12
Zions;12
Freundin;12
gehts;12
gelernt;12
verlieren;12
Drache;12
Markt;12
Pfeilern;12
Stund;12
Sadduzäer;12
Zebedäus;12
Thomas;12
aufnimmt;12
Pharisäern;12
Kaisers;12
Rabbi;12
Testaments;12
Hahn;12
Magdalena;12
Agrippa;12
Natur;12
fleischlich;12
Örter;11
lebendige;11
kriecht;11
Eden;11
Bein;11
Verlangen;11
deinetwillen;11
Disteln;11
Angesichts;11
Bluts;11
Weite;11
reinem;11
reinen;11
verfluchen;11
Schultern;11
Gomer;11
Dedan;11
Samens;11
Vorhaut;11
aufhob;11
bereitete;11
Butter;11
betagt;11
aufstand;11
Pharan;11
schwöre;11
gürtete;11
verschont;11
wiederbringen;11
herbergen;11
Sohne;11
gelebt;11
hättest;11
hole;11
flucht;11
hinausgegangen;11
fliehe;11
vergißt;11
Mich;11
reiste;11
versorgen;11
Jehus;11
Kenas;11
Beors;11
geträumt;11
banden;11
Adullam;11
deckte;11
hörst;11
dürre;11
köstlicher;11
müßt;11
mögt;11
Säcken;11
dürfen;11
linke;11
streckte;11
gelagert;11
sauer;11
Kahaths;11
Usiel;11
achtzig;11
wirf;11
Frösche;11
Hund;11
schlachtet;11
gereuen;11
verzehrte;11
mächtigen;11
zehnte;11
murrten;11
lehrest;11
Ausgang;11
zerschmettere;11
Welchen;11
erquicken;11
wilde;11
Kranz;11
Blumen;11
Knäufe;11
Brettern;11
mittagwärts;11
engen;11
Gurt;11
Leibrocks;11
Saum;11
Heiligung;11
weihen;11
geweiht;11
Korb;11
weben;11
Räucheraltar;11
beste;11
gegossen;11
Augenblick;11
gerühmt;11
lehret;11
Hauptes;11
verhüllt;11
wasche;11
Fluß;11
befleckt;11
Gäste;11
rechnen;11
aufnehmen;11
Fieber;11
Seile;11
elften;11
vierundzwanzig;11
aufgenommen;11
erkundet;11
verbannen;11
Sihons;11
Gärten;11
Ausbeute;11
geraubt;11
einnehmet;11
Adar;11
Ribla;11
Freistadt;11
hättet;11
lebet;11
weicht;11
demütigte;11
Kräfte;11
erkennet;11
überreden;11
gelüstet;11
forschen;11
welcherlei;11
Schläge;11
geehrt;11
irren;11
geheilt;11
hingehe;11
langes;11
leitete;11
langen;11
königliche;11
dawider;11
BethHoron;11
Kedes;11
Gessur;11
vertrieb;11
Kalebs;11
Siph;11
heiligten;11
sagtens;11
Askalon;11
entrann;11
dürstet;11
Gewinn;11
Höhlen;11
erfüllte;11
reiten;11
zerreißt;11
kräftig;11
erforschen;11
empfing;11
losen;11
fasteten;11
Obed;11
erhöhen;11
freuten;11
Michmas;11
untüchtig;11
fällen;11
erschrocken;11
Sephatja;11
Irre;11
BathSeba;11
zugeschlossen;11
Husai;11
Zadoks;11
angst;11
lobsingen;11
herrlicher;11
Bani;11
erscholl;11
Huren;11
Muts;11
begehrte;11
Omri;11
verbirg;11
Landvögte;11
überwunden;11
abgetan;11
Wider;11
Stühle;11
Töpfer;11
Jeiel;11
Hanan;11
Jehiel;11
Hasabja;11
Jozadaks;11
verdolmetscht;11
Zins;11
Dennoch;11
rechtes;11
Frömmigkeit;11
Unverständigen;11
Jetzt;11
Alte;11
erbaut;11
Finstern;11
»Sie;11
gekleidet;11
Verständigen;11
Eckstein;11
Drommete;11
Heiliger;11
Heiligkeit;11
Übertreter;11
schmähen;11
Schalkheit;11
ererben;11
blühen;11
Ängsten;11
Käfer;11
erfreut;11
Armut;11
trauern;11
Gerichts;11
Heimsuchung;11
Richtet;11
Insel;11
ungehorsames;11
Suchet;11
bewohnt;11
Täufer;11
Qual;11
geistlich;11
freit;11
Zunamen;11
Ischariot;11
Lästerung;11
Bethanien;11
Zacharias;11
Barabbas;11
Geistern;11
Sintemal;11
überwindet;11
Ananias;11
gegenwärtig;11
Verheißungen;11
nüchtern;11
pflanzte;10
etlicher;10
hergekommen;10
Wunde;10
frommer;10
Frevels;10
Paar;10
ersehen;10
wuchsen;10
Raben;10
Kanaans;10
Saba;10
Gerar;10
Kalk;10
Tharah;10
Chaldäa;10
Milka;10
Scheide;10
Zoar;10
behalte;10
achtete;10
bückte;10
Eile;10
holte;10
wolltest;10
aufging;10
lachen;10
Hörnern;10
Ephron;10
Kamelen;10
Reise;10
Futter;10
Ismaels;10
Labans;10
leicht;10
kaum;10
entsetzte;10
bunten;10
schwarz;10
sonderte;10
tats;10
ansagte;10
gestohlen;10
ausgesandt;10
stinkend;10
Balsam;10
meinte;10
Ring;10
roten;10
erzählten;10
Unglücks;10
kauften;10
beladen;10
Erstling;10
neigen;10
Hirsch;10
vergib;10
Machir;10
feurigen;10
brannte;10
Weiß;10
Gerichte;10
Amram;10
Maheli;10
Luft;10
Ungeziefer;10
bestimmte;10
erfüllen;10
übrigbleibt;10
Verderber;10
gestoßen;10
verziehen;10
Diensthause;10
zusammenkommen;10
teilten;10
herrliche;10
nachjagen;10
Blei;10
bringst;10
Murren;10
heiß;10
Schwertes;10
Malzeichen;10
Volke;10
Geschäfte;10
Zahn;10
verwahrt;10
verkehren;10
schöner;10
Saphir;10
Dachsfellen;10
gewirkt;10
Gitter;10
ehern;10
blaue;10
versöhne;10
entsündigen;10
Wände;10
Handfaß;10
Stamme;10
arbeitet;10
arbeiteten;10
Unreines;10
wüßte;10
verlöschen;10
spaltet;10
Trank;10
brennt;10
außerhalb;10
Aussätzigen;10
linken;10
gesessen;10
nächste;10
Anstoß;10
erlangt;10
Ehebrecher;10
Zeichendeuter;10
Tagelöhner;10
Trankopfern;10
Nahesson;10
Sorge;10
Einweihung;10
toten;10
fett;10
Gebirges;10
Vornehmste;10
wüten;10
naht;10
Einkommen;10
umgekommen;10
Weinstöcke;10
feurige;10
Weinbergen;10
sehest;10
hergebracht;10
Nest;10
KadesBarnea;10
zerstören;10
Sidonier;10
Züchtigung;10
gehorchet;10
gefällig;10
dichs;10
mögest;10
hinaufgehen;10
ergreife;10
genießen;10
Seuchen;10
verdorrte;10
Wermut;10
Rufe;10
Ungehorsam;10
törichten;10
Rubeniter;10
Gaditer;10
eilends;10
wagte;10
Megiddo;10
ausgeteilt;10
mitternachtwärts;10
Zora;10
durchzogen;10
Thabor;10
Eichen;10
Herrn«;10
verderbten;10
erlöste;10
achtzehn;10
Nagel;10
Ascherabild;10
zerbrachen;10
Sebah;10
Zalmuna;10
geriet;10
Millo;10
Flüchtigen;10
Rätsel;10
BethlehemJuda;10
Übriggebliebenen;10
erst;10
drittenmal;10
vollenden;10
eile;10
Nahas;10
Ahitobs;10
ehre;10
einher;10
sangen;10
Saiten;10
offenbare;10
Neumond;10
Einem;10
bewiesen;10
unwillig;10
Krether;10
einsam;10
erschrecke;10
Machet;10
hungrig;10
verschlingen;10
Netophathiter;10
Richtstuhl;10
Gitterwerk;10
Gestühl;10
belagert;10
fertig;10
gezüchtigt;10
mangeln;10
müßten;10
Josaphats;10
grüßt;10
Ahasjas;10
Altären;10
übergab;10
Asarjas;10
Pflaster;10
Meder;10
Eitelkeit;10
Hiskias;10
Sanherib;10
Joah;10
Gehorchet;10
spottet;10
Dächern;10
Zedekias;10
Eljasib;10
Michael;10
Huram;10
ObedEdom;10
hellen;10
Neumonde;10
Harim;10
Malchia;10
Schemel;10
klugen;10
Araber;10
Unflat;10
herzlich;10
Pashur;10
Sealthiels;10
bedürfen;10
wachet;10
Hamans;10
Schmerz;10
Gottloser;10
Stock;10
Hungrigen;10
Sinne;10
Platzregen;10
scheint;10
Abgrund;10
Betrug;10
vergleichen;10
Kleinod;10
pries;10
Geselle;10
Schöpfer;10
Übeltätern;10
Hoffärtigen;10
wache;10
Heuchelei;10
ehrt;10
stürzen;10
Sündern;10
Schirm;10
Freuet;10
rühmet;10
Lästerer;10
Psalmlied;10
Drachen;10
Arge;10
üben;10
vergießen;10
unverständig;10
Diebe;10
auserwählt;10
Äste;10
Heulet;10
Graben;10
Letzte;10
bekehre;10
Ehebruch;10
Kindsnöten;10
Verdienst;10
Nerias;10
Beltsazar;10
Versuchung;10
sorget;10
Unglaubens;10
erlitten;10
Handreichung;10
Danksagung;10
Oberhauptmann;10
Vorbilde;10
Joppe;10
Kornelius;10
Stimmen;10
Achaja;10
Heilandes;10
Gottseligkeit;10
schuf;9
vollendete;9
gewachsen;9
Feindschaft;9
stechen;9
bloßen;9
Naema;9
hundertundzwanzig;9
Fenstern;9
gewehrt;9
seinesgleichen;9
Meinen;9
deckten;9
breite;9
Mesech;9
Ophir;9
Jobab;9
Ziegel;9
ablassen;9
Nahor;9
sprachst;9
sündigten;9
Mamre;9
dreizehnten;9
Born;9
sagest;9
Ziege;9
allmächtige;9
beschnitt;9
mächtiges;9
ungesäuerte;9
eingegangen;9
sieh;9
aufgegangen;9
Orte;9
durfte;9
tränkte;9
einzigen;9
Ackers;9
Vaterland;9
Kedar;9
säte;9
füllten;9
versehen;9
Orts;9
weidet;9
hütete;9
Halte;9
empfingen;9
küssen;9
findest;9
Edoms;9
angerührt;9
Hemor;9
Debora;9
Thimna;9
Samma;9
regiert;9
Serahs;9
behielt;9
anhatte;9
schickten;9
einging;9
Dinges;9
Großes;9
eigener;9
fetten;9
vorhin;9
Kette;9
anderen;9
Notdurft;9
Bürge;9
Irrtum;9
Eseln;9
wuschen;9
bereiteten;9
eilten;9
seht;9
Simeons;9
Gera;9
drückt;9
berief;9
schneller;9
mehrte;9
Busch;9
verbrennt;9
schwere;9
härter;9
ausgereckten;9
harter;9
Korahs;9
Bittet;9
Teig;9
Achseln;9
Kein;9
hindurch;9
zweier;9
Älteste;9
Josuas;9
geübt;9
raten;9
Hütet;9
Steig;9
herunter;9
verschmäht;9
ungefähr;9
ausgeht;9
bedrängen;9
Wucher;9
Unschuldigen;9
essest;9
nacheinander;9
Leiste;9
offene;9
Teppiche;9
Allerheiligsten;9
viereckig;9
Schaufeln;9
Querstäbe;9
Gebiete;9
hängt;9
blauen;9
gefaßt;9
eingeht;9
leinene;9
Mist;9
Schenkel;9
Daumen;9
tägliche;9
Solche;9
Silberling;9
Bezaleel;9
laden;9
goldenes;9
Webeopfer;9
wirken;9
reiner;9
Silbers;9
Brandopfers;9
Turteltauben;9
reine;9
Dankopfers;9
abreißen;9
reines;9
erzeige;9
Schuppen;9
Gruben;9
gebiert;9
besieht;9
alter;9
Aufzug;9
Eintrag;9
worin;9
abscheren;9
Gereinigten;9
warnen;9
Unreinen;9
müssest;9
Scham;9
herzutreten;9
lahm;9
ausgestoßen;9
dichten;9
fluchte;9
steinigten;9
habet;9
Schätzung;9
Homer;9
Ammihuds;9
Tausende;9
taugen;9
Kahathiter;9
schaden;9
starkem;9
Gelübdes;9
Jahrs;9
Rehob;9
gekehrt;9
Horma;9
Zipfel;9
Pfannen;9
hebt;9
Stätten;9
Haderwasser;9
Amoritern;9
Jahza;9
Dibon;9
ritt;9
kanns;9
Zauberei;9
zermalmen;9
Pfeilen;9
Stern;9
Ersten;9
Midianitern;9
Ariel;9
Kriegsleuten;9
rüsten;9
schändet;9
Rubenitern;9
hütet;9
geängstet;9
Gunst;9
verbirgt;9
Ölbäume;9
harten;9
gottlose;9
liebte;9
Spätregen;9
Armer;9
Tücke;9
kurz;9
völlig;9
Unruhe;9
vertrauen;9
Schiffen;9
aufgeht;9
ergrimmt;9
wärest;9
zugut;9
Schätzen;9
allzu;9
abendwärts;9
frisch;9
Makkeda;9
versteckt;9
meinet;9
Rimmon;9
Kana;9
haue;9
Beten;9
Ajalon;9
langer;9
Ehud;9
Fackeln;9
heraufgekommen;9
Festung;9
spielte;9
Benjaminiter;9
Buben;9
Kehret;9
Amminadab;9
Jerohams;9
Rühmen;9
lästerten;9
Schlachtopfer;9
treuen;9
böser;9
trachtet;9
verwundet;9
Kleinoden;9
Fesseln;9
Blinde;9
Zimmerleute;9
ObedEdoms;9
Hadadesers;9
geheißen;9
Thekoa;9
Engels;9
verschlungen;9
durstig;9
Wall;9
faßt;9
vornehmste;9
Hofmeister;9
Bauleute;9
Ritter;9
Wunderzeichen;9
rufet;9
Briefen;9
beschwöre;9
himmlische;9
Kerker;9
entfallen;9
zweien;9
Heereskraft;9
Rechabs;9
Ämter;9
Usias;9
Rezin;9
Sebna;9
könnest;9
Tannen;9
Thopheth;9
Jojachin;9
elfte;9
Geringsten;9
Ackerleute;9
Eljoenai;9
eigenes;9
Eliel;9
Simeis;9
Sebadja;9
tüchtige;9
Elihu;9
hell;9
verkündiget;9
edlen;9
ausbreitet;9
Gnaden;9
Ratgeber;9
Steuer;9
Landschaft;9
Zoll;9
Medien;9
Saneballat;9
Maasejas;9
Verachtung;9
Schwertern;9
schwiegen;9
vernehmen;9
hungerte;9
kläglich;9
Ernst;9
Betrübnis;9
ärgern;9
bebt;9
getränkt;9
reißt;9
züchtigt;9
»Ihr;9
Rachen;9
Verborgene;9
Grimmes;9
Allerhöchsten;9
meint;9
preise;9
lobsinget;9
Rosen;9
Palästen;9
verzagen;9
tröste;9
zuteil;9
richtest;9
bitterlich;9
verheert;9
erleuchtet;9
Trügerei;9
kleiden;9
entfliehen;9
nennt;9
vernünftig;9
verkehrten;9
gehaßt;9
Kohlen;9
genügen;9
Folge;9
wegwerfen;9
geplündert;9
Demut;9
plündern;9
Schauet;9
gegriffen;9
Kronen;9
göttliche;9
Gemächern;9
Palmlaubwerk;9
Unterlaß;9
Gichtbrüchigen;9
Brocken;9
überantwortete;9
Weingärtnern;9
Kaiphas;9
Zwölfen;9
Elisabeth;9
Thessalonich;9
Unterhauptmann;9
Felix;9
Berufung;9
geistlichen;9
schied;8
Getier;8
schloß;8
flüchtig;8
gerächt;8
fände;8
göttlichen;8
Japheth;8
verstopft;8
Solange;8
Frost;8
Winter;8
erwachte;8
Thubal;8
zerteilt;8
vorgenommen;8
Nahors;8
plagte;8
ewiger;8
Mannsbild;8
Wollust;8
leugnete;8
tötest;8
nötigte;8
umgaben;8
angehört;8
eilen;8
wards;8
gewußt;8
begrabe;8
nehmest;8
schwieg;8
Suah;8
nannten;8
zankten;8
Darüber;8
grub;8
brächte;8
Fuße;8
bleib;8
liegst;8
wälzte;8
Bilha;8
Dina;8
verändert;8
fragst;8
Mägden;8
Sichems;8
verdroß;8
unbeschnittenen;8
Kanaanitern;8
herkommen;8
Ebal;8
Bozra;8
hilfts;8
Leibwache;8
Bleibe;8
Thimnath;8
verdeckt;8
gerechter;8
weigerte;8
hebräischen;8
treibe;8
heimkam;8
Bäcker;8
Drei;8
allhier;8
eingesetzt;8
trüge;8
teure;8
zeigt;8
teuren;8
heimlichen;8
schüttete;8
umgeht;8
jüngsten;8
Geldes;8
schlachte;8
erstemal;8
Gelde;8
Bösem;8
ledig;8
widerfährt;8
Feierkleider;8
Jachin;8
inne;8
hereingekommen;8
auflehnen;8
Anfurt;8
drängt;8
Wunsch;8
Scheitel;8
zwangen;8
ägyptischen;8
harte;8
Kindes;8
erschlug;8
trachtete;8
jeglich;8
Jethro;8
Misael;8
verschlang;8
weigert;8
zugesagt;8
sprengte;8
diesmal;8
erscheine;8
Mühle;8
erfahret;8
anheben;8
Hausvater;8
gegürtet;8
vorüberging;8
herumlenken;8
eingelegt;8
Ungestüm;8
gestürzt;8
auserwählten;8
Prophetin;8
bitter;8
Krankheiten;8
Wollte;8
Würmer;8
backen;8
Wurm;8
Dankopfern;8
gesteinigt;8
eifriger;8
Tausenden;8
lebest;8
ehebrechen;8
Schade;8
verkaufe;8
beschädigt;8
Besten;8
ergrimmen;8
Schleifen;8
sollsts;8
Schulterstücke;8
graben;8
ineinander;8
Fladen;8
gürten;8
ringsherum;8
Fußes;8
besprengen;8
Hurs;8
Gürte;8
Rind;8
spannen;8
Edelsteine;8
breiteten;8
silbern;8
Ithamars;8
Rost;8
zerstoßen;8
Schuldopfers;8
Wollen;8
zugerechnet;8
Gebühr;8
Blatt;8
Redet;8
wiederkäut;8
Bächen;8
Beine;8
Beulen;8
anlegen;8
Moloch;8
abschneiden;8
pflanzt;8
wäret;8
Fremdlings;8
Geruchs;8
fünfzigste;8
Käufer;8
besessen;8
jagen;8
wegtun;8
jagt;8
Sonnensäulen;8
wurdest;8
Flüche;8
schlicht;8
Heiliget;8
Sende;8
überwältigen;8
aufwerfen;8
verlästert;8
Dathan;8
Abiram;8
machts;8
Pisga;8
Kamos;8
Edrei;8
drängte;8
öffnete;8
Täler;8
zerschmettern;8
unterworfen;8
Obad;8
gewendet;8
Gileaditer;8
Verbündnis;8
schweigt;8
Eide;8
verbinden;8
Jairs;8
anfangen;8
unserer;8
Enakiter;8
Bachs;8
Gaditern;8
hinübergehen;8
schreckliche;8
lernet;8
umbringe;8
vergelte;8
Seuche;8
hungern;8
gekannt;8
mangelt;8
vergiß;8
fordert;8
fasse;8
armen;8
Blutschulden;8
lauert;8
erschreckt;8
zinsbar;8
Bollwerk;8
Dache;8
Jungfrauschaft;8
Mühlstein;8
Kleide;8
anrufe;8
Überfluß;8
unsinnig;8
Fußsohlen;8
Ungnade;8
gefreut;8
abtun;8
herbeigekommen;8
abfallen;8
verkehrte;8
Fetten;8
eilt;8
triefen;8
folget;8
zweitausend;8
Kriegsmänner;8
Feldgeschrei;8
Verbannten;8
Hall;8
BethAven;8
bestimmten;8
verbannte;8
Aphek;8
Jebusiters;8
Rephaim;8
gewinnt;8
BethSean;8
Ophra;8
Sunem;8
Erbes;8
teilt;8
»Was;8
Damit;8
weichet;8
Stachel;8
Stroms;8
lebten;8
Schlüssel;8
Krüge;8
entwich;8
Gaal;8
Füchse;8
Stricken;8
Harre;8
Abgott;8
umgürtet;8
sorgt;8
fürbaß;8
Honigseim;8
Bären;8
klüglich;8
Gesang;8
betrübten;8
Gilboa;8
Weissage;8
geteilt;8
stach;8
Eliphelet;8
beständig;8
Abjathars;8
Königshauses;8
Streits;8
todkrank;8
besuchen;8
schlecht;8
Itthai;8
Barsillai;8
schamrot;8
Vergeltung;8
Bichris;8
Erretter;8
Reinigkeit;8
warm;8
bittest;8
gelitten;8
lauterem;8
Gestühle;8
Maultiere;8
Nichts;8
achtzehnten;8
Dazumal;8
Merket;8
Naboths;8
Jorams;8
ruht;8
Lieber;8
taufte;8
gäben;8
Pekah;8
Samariter;8
Erzschenken;8
Erzschenke;8
Trotz;8
jüdisch;8
saufen;8
erhebe;8
wüsten;8
Asaja;8
Jechonja;8
Semajas;8
Akkub;8
Jeremoth;8
Matthithja;8
Saitenspielen;8
Ornan;8
Aller;8
verständiger;8
gesättigt;8
köstlichem;8
aufmerken;8
wehrte;8
dachten;8
Kriegsknechten;8
Sabbaten;8
Rehum;8
jüdische;8
Serebja;8
schäme;8
Verstörung;8
beschwert;8
gottesfürchtig;8
gabst;8
Vasthi;8
zusammenbringen;8
Mardochais;8
Monden;8
Mutterleib;8
Brüsten;8
antworte;8
nirgend;8
versiegen;8
Gaumen;8
Staube;8
Boshaften;8
geißeln;8
zerbricht;8
unnütze;8
verantworten;8
Fußtapfen;8
frech;8
rühmt;8
unterdrückt;8
Gott«;8
Freien;8
Schlamm;8
zerfallen;8
scharfe;8
tiefe;8
frühe;8
Fliehet;8
brausen;8
gewissen;8
drein;8
Anbeginn;8
Worts;8
Rechts;8
erlangen;8
verborgene;8
Faule;8
Weiser;8
Reicher;8
Lehren;8
Wölfe;8
Einwohnerin;8
werfet;8
schiffen;8
verwüsten;8
Sammelt;8
erzogen;8
Banden;8
Brunst;8
kommen«;8
Herr«;8
Chebar;8
triebst;8
gleicherweise;8
überkommen;8
glühenden;8
fallet;8
Halt;8
vergebet;8
meisten;8
Verfolgung;8
Unkraut;8
kreuzigen;8
Sagen;8
Zuletzt;8
Nachdem;8
Lüste;8
empfange;8
Satanas;8
Fragen;8
hebräisch;8
Apostelgeschichteund;8
Zypern;8
Zilizien;8
Götzenopfer;8
Apollos;8
ermahnt;8
ehrbar;8
Thess;8
Trockene;7
Lichter;7
Nebel;7
Hevila;7
tiefen;7
breche;7
lagerte;7
Feldes;7
treibst;7
Lamech;7
berühmte;7
Weiblein;7
Alters;7
Eben;7
überhand;7
regen;7
grüne;7
jüngster;7
Chus;7
Sinear;7
Girgasiter;7
Zeboim;7
Arphachsad;7
Salah;7
verstehe;7
zöge;7
schönes;7
Salzmeer;7
Kirjathaim;7
Horiter;7
Faden;7
zwingen;7
jedermanns;7
zürne;7
Blindheit;7
verschonte;7
jüngere;7
Lachen;7
zuhörten;7
ziehest;7
Achsel;7
halbes;7
Amme;7
wachse;7
Morgenland;7
Hethiters;7
Massa;7
hundertfältig;7
Köcher;7
Böcklein;7
glatt;7
obendarauf;7
Rahels;7
aufgehört;7
Leas;7
aussondern;7
Stäbe;7
zehnmal;7
nahte;7
schalt;7
Warte;7
Jabbok;7
anbrach;7
segnest;7
nachjagten;7
Oholibama;7
Sobal;7
Örtern;7
Anschlag;7
werft;7
Onan;7
Gefangene;7
fraßen;7
Elends;7
jüngste;7
genau;7
Nehmt;7
jage;7
wiedergebracht;7
hanget;7
Errettung;7
Isaschars;7
Beria;7
Heber;7
erster;7
Rebe;7
geneigt;7
Pferd;7
dämpfen;7
feines;7
Schilf;7
zanken;7
Wehklagen;7
müßig;7
Gersons;7
Sichri;7
Amminadabs;7
recke;7
Recke;7
Knoten;7
bedeckten;7
herabkommen;7
übriglassen;7
Einheimischer;7
Einheimischen;7
ließest;7
versuche;7
Schreibe;7
brächten;7
herabfahren;7
bebte;7
steige;7
fährst;7
entweihen;7
bezahle;7
loslassen;7
Hauswirt;7
klar;7
Amtschild;7
Vorbild;7
Gerätes;7
Schüsseln;7
Knäufen;7
Teppichen;7
Brett;7
Hofes;7
Spanne;7
Jaspis;7
gestickten;7
Zehe;7
beschrieben;7
gegossenes;7
flehte;7
Übels;7
Widersachern;7
vergibt;7
nachlaufen;7
glänzte;7
Seilen;7
Arbeitern;7
versieht;7
bekennt;7
vorige;7
worauf;7
empfängt;7
Aussatzmal;7
weißes;7
ausgerissen;7
Glut;7
vollbracht;7
fängt;7
Feiertage;7
Verleumder;7
rundumher;7
nachfolgt;7
absondern;7
dürr;7
viertel;7
säet;7
gelöst;7
leihen;7
anbetet;7
Ekel;7
riechen;7
Vaterhaus;7
Lagern;7
Lichts;7
untreu;7
amen;7
Weins;7
Schermesser;7
zwanzigsten;7
Fußvolk;7
verkürzt;7
Zähnen;7
Festungen;7
Zoan;7
Vaterhauses;7
schreib;7
ungehorsamen;7
lenkt;7
Zippors;7
Wehre;7
Pfad;7
Teils;7
lüge;7
gefalle;7
göttlicher;7
Agag;7
Getümmels;7
hänge;7
Verstoßenen;7
Erschlagene;7
Palmen;7
EzeonGeber;7
Freistädte;7
Bluträcher;7
Rächer;7
gewollt;7
wiederkomme;7
wurdet;7
zoget;7
schützen;7
Lebtage;7
Fisch;7
hasts;7
verzehre;7
feine;7
erkennst;7
Feigenbäume;7
möchtest;7
Sichel;7
Weissager;7
liebhatte;7
Hurenlohn;7
zuviel;7
Verstorbenen;7
schweben;7
schont;7
dasein;7
Trunkenen;7
vorgelegt;7
leget;7
saugen;7
gereizt;7
reizen;7
Säuglinge;7
Jauchzet;7
austreiben;7
freudig;7
Seil;7
Achan;7
nahmens;7
ordnete;7
Lanze;7
Gebirgen;7
Jarmuth;7
Aseka;7
Thaanach;7
Gathiter;7
dazumal;7
Esthaol;7
Socho;7
Maon;7
endet;7
unwissend;7
Abdon;7
herüber;7
gefehlt;7
Saal;7
sprang;7
suchst;7
singet;7
Herrlichen;7
Jerubbaal;7
blöde;7
hörest;7
fühlen;7
Jerubbaals;7
Monaten;7
herrschten;7
räche;7
Goldschmied;7
faul;7
Moabitin;7
Schnitter;7
salbe;7
Jünglingen;7
innewerde;7
beerben;7
Salma;7
viertausend;7
Bildern;7
zusammengekommen;7
Samuels;7
sorgen;7
wurde;7
Ahinoam;7
Abinadab;7
unruhig;7
Philisters;7
frühmorgens;7
gehöhnt;7
Tasche;7
handelte;7
offenbarte;7
Heide;7
schnitt;7
verhindert;7
aufgemacht;7
holdselig;7
IsBoseths;7
Maachas;7
Baana;7
Lahme;7
Plether;7
Urias;7
Absaloms;7
Maultier;7
hülfe;7
Einfalt;7
blachen;7
Ratschlag;7
Krieger;7
Chusi;7
erkennt;7
Leides;7
Verderbens;7
wanken;7
Asmaveth;7
Rufet;7
Lieder;7
Zeder;7
Fischen;7
Allerheiligste;7
Schiffsleute;7
Elfenbein;7
Elias;7
siebentausend;7
heraufziehen;7
wund;7
stellet;7
lecken;7
Elisas;7
spotteten;7
Goldgulden;7
Frühe;7
zertrat;7
heimliche;7
baufällig;7
Zimmerleuten;7
Menahem;7
Sacharjas;7
Mesullams;7
fraget;7
Sallums;7
Hütern;7
verunreinigte;7
bekehrte;7
Bollwerke;7
Zephanja;7
Sabad;7
Jahath;7
Iddo;7
Berechjas;7
Größte;7
Jedithun;7
Sechanja;7
Hanani;7
Geheiligten;7
sündige;7
dahingegeben;7
bekannten;7
Perser;7
Kadmiel;7
ändern;7
bestürzt;7
Zaun;7
Eljasibs;7
einziehen;7
Schlösser;7
Kreises;7
Lücken;7
ratschlagen;7
vierundzwanzigsten;7
Genüge;7
Schriften;7
gerade;7
erregen;7
Behausung;7
achtest;7
aufwachen;7
Anfechtung;7
finstern;7
Verantwortung;7
verbirgst;7
Motten;7
Zweig;7
verklagt;7
Augenlider;7
Verstandes;7
»Wir;7
Zaum;7
klebt;7
Furchen;7
Mittler;7
annimmt;7
vernimm;7
Krippe;7
frommen;7
Flehens;7
Flammen;7
zurückkehren;7
Bewahre;7
zwingt;7
verborgenen;7
setzest;7
Feuerflammen;7
erregt;7
preiset;7
rotten;7
verurteilt;7
Drohen;7
verstößest;7
Beispiel;7
angekommen;7
Gebärerin;7
belagern;7
zergehen;7
lobt;7
wünschen;7
verlaß;7
Gebete;7
»Und;7
liebliche;7
speisen;7
weislich;7
verfolgte;7
Zeugnissen;7
Sorgen;7
verstörte;7
dürres;7
bücken;7
erinnere;7
verachte;7
Freue;7
Krüppel;7
Ferne;7
bewährt;7
Predigers;7
Haschen;7
Nutzen;7
schaffet;7
Parder;7
haben«;7
Noph;7
ausgegossen;7
Arabien;7
Schuldner;7
Windwirbel;7
Weltkreis;7
arme;7
zukünftig;7
fresset;7
kleidet;7
Trostes;7
Thachpanhes;7
Bräutigams;7
übersehen;7
verhüllen;7
Gebäude;7
Säemann;7
Verräter;7
eifern;7
Hofraum;7
menschlich;7
Sinnes;7
Kranke;7
biete;7
Fehler;7
Zähneklappen;7
verriet;7
Beelzebub;7
Bethsaida;7
ausgefahren;7
brachs;7
fünftausend;7
Aufsätze;7
Philippi;7
selbst«;7
Letzten;7
Menschensohnes;7
Richthaus;7
umliegenden;7
Unglauben;7
Vertrauen;7
winkte;7
geschenkt;7
Samarien;7
Stephanus;7
Erscheinung;7
Liebsten;7
Sanftmut;7
keusch;7
Laodizea;7
erduldet;7
Babylon;7
posaunte;7
fruchtbare;6
ruhte;6
lustig;6
Gihon;6
sterbet;6
Kummer;6
Fellen;6
kleidete;6
Ackermann;6
Erstlingen;6
Gebärde;6
verstellte;6
Dichten;6
reut;6
Tannenholz;6
lebendiger;6
hundertundfünfzig;6
vertrocknete;6
erführe;6
siebenundzwanzigsten;6
lieblichen;6
zeugten;6
Javan;6
gewaltiger;6
Reichs;6
Adama;6
Hams;6
reiche;6
herniederfahren;6
Abrams;6
Hain;6
Steht;6
rüsteten;6
Arioch;6
Ausländer;6
Turteltaube;6
zerteilte;6
Keniter;6
ansieht;6
neunundneunzig;6
Knäblein;6
kehret;6
forderten;6
rette;6
retten;6
stürbe;6
umkehrte;6
unschuldigen;6
Mütter;6
Schlauch;6
Bleibet;6
Lege;6
Erstgeborenen;6
KirjathArba;6
vornehmsten;6
bringest;6
herauskommen;6
Neige;6
Bethuels;6
Reif;6
Würze;6
Kamel;6
Zwei;6
rote;6
verachtete;6
Ziehe;6
Basmath;6
Wildbret;6
erstgeborener;6
Leiter;6
herbringen;6
Pforte;6
Brunnens;6
Geht;6
hoher;6
Schaffe;6
Weizenernte;6
zuwege;6
springen;6
Frauen;6
Hausrat;6
mochte;6
kühn;6
reinigt;6
Turms;6
ander;6
Reguels;6
siebzehn;6
Garbe;6
sendest;6
gehurt;6
Amtmann;6
Schenke;6
Schenken;6
reif;6
stünde;6
versengt;6
dicken;6
deutete;6
ergangen;6
Fünften;6
feil;6
kauft;6
gefordert;6
würdet;6
grüßte;6
Knechts;6
Tretet;6
Jamin;6
Sebulons;6
dreiunddreißig;6
Gads;6
Assers;6
Dans;6
spannte;6
Kaufe;6
besäen;6
Begräbnis;6
Kommet;6
heftig;6
Otter;6
verschied;6
schlägst;6
versammle;6
auszieht;6
steckte;6
unterwegs;6
widerfahre;6
Vögte;6
Jizhar;6
Korahiter;6
Seen;6
aufhält;6
Israeliten;6
Fäuste;6
seitdem;6
donnern;6
grausam;6
aufhöre;6
übriggelassen;6
dicke;6
drängten;6
Abib;6
sähen;6
Feuersäule;6
Migdol;6
einlegen;6
teile;6
Kriegsmann;6
Mara;6
Elim;6
Hungers;6
streite;6
unterging;6
Kindeskind;6
Nächster;6
fremdes;6
deckt;6
Ochs;6
beschuldigt;6
Wenns;6
Saft;6
Dreimal;6
Übertreten;6
Onyxsteine;6
getriebenem;6
Schaft;6
zusammengefügt;6
Fünf;6
Gabeln;6
Umhang;6
kunstreich;6
Reihe;6
Türkis;6
Schildes;6
Heilig;6
Webebrust;6
anzündet;6
schneiden;6
steig;6
halsstarriges;6
zermalmte;6
Geschwätz;6
vorübergeht;6
gegossenen;6
Riegeln;6
Spangen;6
Geschmeide;6
Dieselben;6
Vorhofe;6
Nägeln;6
umhersprengen;6
tauchen;6
hinausführen;6
gemeinen;6
Schwur;6
Handvoll;6
besprengt;6
Lobopfer;6
geröstete;6
unreines;6
Nutz;6
Knorpel;6
Ohrs;6
tauchte;6
traget;6
Schwalbe;6
irdenes;6
verschwunden;6
Aussatzes;6
Drüse;6
Brandmal;6
Wirds;6
frischem;6
erwerben;6
Lehm;6
reitet;6
hölzerne;6
antun;6
lügen;6
Leinen;6
Buchstaben;6
Ehebrecherin;6
entblößt;6
Oheims;6
dazutun;6
Israeliter;6
keins;6
erntet;6
Selomith;6
verletzt;6
Freijahr;6
dreier;6
Zinsen;6
Vetter;6
Stolz;6
Heiligtümer;6
wegtreiben;6
gelangen;6
abnehmen;6
Priestertums;6
Erstgeburten;6
Gersoniter;6
bittern;6
verfluchte;6
Eliabs;6
Satzung;6
bläst;6
Töpfen;6
wehre;6
Hazeroth;6
Enaks;6
Scheune;6
verschlingt;6
Wüten;6
angegangen;6
Sprengwasser;6
aufrichte;6
fluche;6
hinzog;6
bloßes;6
schilt;6
hängte;6
BaalPeor;6
verbindet;6
wozu;6
verbunden;6
schickt;6
Rekem;6
erwürget;6
fünfzigen;6
gehörte;6
Schafhürden;6
rüstet;6
Denen;6
gehorchtet;6
gerechte;6
vergesset;6
wissest;6
einiger;6
kleinste;6
hielte;6
liebest;6
abgewendet;6
lerne;6
scheue;6
dreien;6
auftreten;6
kriegt;6
verliert;6
dingten;6
Scheidebrief;6
schreibt;6
schlafe;6
drischt;6
Schuh;6
jeden;6
tünchen;6
Merke;6
fliegt;6
schrecklichen;6
erschrecklich;6
Durstigen;6
grimmiger;6
betreten;6
Tropfen;6
Acht;6
gleiten;6
entsetze;6
schwöret;6
auszog;6
vergriffen;6
herzubrachte;6
einträchtig;6
verkrochen;6
Hethitern;6
überfielen;6
Thappuah;6
Bericht;6
Othniel;6
Wasserquellen;6
Maresa;6
Engedi;6
enge;6
zugehörigen;6
schrieben;6
Moza;6
Gibbethon;6
zögen;6
widerstanden;6
vergaßen;6
Kison;6
Hammer;6
verzieht;6
rüste;6
nachfolgten;6
Oreb;6
Pnuel;6
begehre;6
Sebul;6
Jothams;6
herabgekommen;6
Delila;6
Dagon;6
Lais;6
sank;6
wallen;6
Schnittern;6
kaufe;6
Ephratha;6
Elis;6
Wegs;6
schliefen;6
erfuhren;6
Abinadabs;6
Siehst;6
Freundschaften;6
Darin;6
Nöten;6
Stehet;6
Rotten;6
Abners;6
schone;6
gemästet;6
Riese;6
Helm;6
Geringes;6
Najoth;6
Doeg;6
Begehr;6
entgehen;6
Gesalbte;6
angezeigt;6
schor;6
lichten;6
entweder;6
längst;6
Steinmetzen;6
Maulbeerbäume;6
fernem;6
arbeite;6
Hanun;6
reinigte;6
Nathans;6
überaus;6
auslöschen;6
angesteckt;6
Ahithophels;6
hörtest;6
Falsches;6
laufe;6
schmecken;6
Gibeoniter;6
Fittichen;6
Strahlen;6
Erdbodens;6
elenden;6
zänkischen;6
Burgen;6
berühmt;6
errettest;6
setzet;6
deinesgleichen;6
Jene;6
Iddos;6
Cherubs;6
Wänden;6
Lilien;6
Leisten;6
Töpfe;6
Raupen;6
aufrichtig;6
Sandelholz;6
Landpflegern;6
Milkom;6
räucherten;6
Sisak;6
Skorpionen;6
verschüttet;6
Ahias;6
stellst;6
beklagen;6
Aschera;6
Thisbiter;6
umkomme;6
gebeugt;6
Harnisch;6
überwinden;6
Schlage;6
Jesreeliten;6
glücklich;6
Gemüse;6
Folget;6
gebessert;6
Rechnung;6
verwarf;6
Schauer;6
Sepharvaim;6
Arpad;6
schüttelt;6
sagts;6
verführte;6
Necho;6
Jeus;6
Hezrons;6
Eleasa;6
Serubabels;6
Delaja;6
Asareel;6
Sakkur;6
Malchias;6
Jissia;6
Sängern;6
Sebanja;6
heiligem;6
Vorhöfen;6
Immer;6
Schauers;6
wollens;6
Krämer;6
befestigt;6
Johanans;6
lässig;6
sprengten;6
Ertrag;6
Bigevai;6
Inhalt;6
lassens;6
Gruß;6
Schriftgelehrter;6
Elnathan;6
Meremoth;6
überantworteten;6
bekannte;6
Malluch;6
Binnui;6
Kreis;6
erhaben;6
weiten;6
dargegeben;6
Verkäufer;6
bewegte;6
meidet;6
Trübsalen;6
erforscht;6
trügen;6
verwirft;6
Schwätzer;6
verstörten;6
gelaufen;6
Verwesung;6
Hausgenossen;6
sehnen;6
rührt;6
trete;6
fauler;6
Unschuld;6
nicht«;6
Glas;6
meiden;6
Tritte;6
Tälern;6
Strauße;6
Verkläger;6
Rechenschaft;6
Zweifel;6
ungerechten;6
klüger;6
leuchtet;6
heucheln;6
verwelken;6
tröstest;6
harret;6
trotzig;6
freveln;6
gülden;6
Mäuler;6
jauchzet;6
heller;6
trotzen;6
Mächtige;6
stumm;6
Abtrünnigen;6
erschallen;6
Böcken;6
Südwind;6
Hebet;6
lehrst;6
Reiches;6
heilsame;6
unterweise;6
schlafend;6
auswerfen;6
Sturm;6
Tafel;6
verlasset;6
scharf;6
anrichten;6
verrät;6
unterrichtet;6
würgen;6
reicher;6
Fürstentümer;6
Räte;6
Kleides;6
davonbringen;6
Verführer;6
verfinstert;6
überschwenglich;6
lustigen;6
[und;6
Stühlen;6
verwelkt;6
Wipfel;6
Fischer;6
untern;6
Wachet;6
verblendet;6
Töpfers;6
verwundern;6
Predige;6
Verkündiget;6
dürsten;6
unnützen;6
löschen;6
reuen;6
Gedünken;6
Mitleiden;6
ebenso;6
Zwar;6
Gegenwart;6
vertrauet;6
EbedMelech;6
davonkommen;6
Fleische;6
verschnitten;6
Oholiba;6
jemals;6
Hantierung;6
Belsazer;6
liest;6
Weinsäufer;6
heraufkommen;6
übervorteilt;6
prüfet;6
dermaleinst;6
bedürfet;6
Splitter;6
Lappen;6
erträglicher;6
Wolltet;6
umbrächten;6
Joses;6
Herodias;6
natürlichen;6
Markte;6
Hosianna;6
stäupten;6
Überschrift;6
Gotteskasten;6
kreuzigten;6
Kyrene;6
befragten;6
kniete;6
erlaubte;6
Trübsale;6
dabeistanden;6
Alexander;6
untadelig;6
ermahnte;6
Abschied;6
Zwietracht;6
geschahen;6
Lichtes;6
ermahnten;6
leiblichen;6
erinnern;6
liebhabe;6
Sekte;6
verfolgst;6
Ikonion;6
entflohen;6
Troas;6
Korinth;6
Aquila;6
Satans;6
geistliche;6
Nachfolger;6
Philem;6
überschwengliche;6
Kampf;6
daraufsaß;6
erregte;5
mehret;5
Onyx;5
issest;5
versteckte;5
Ferse;5
wies;5
herrsche;5
Seth;5
Enos;5
Gewaltige;5
flog;5
harrte;5
vergießt;5
abgewandt;5
Magog;5
Jäger;5
Peleg;5
Joktan;5
ihretwillen;5
geleiteten;5
höchsten;5
Eskol;5
Besitzung;5
aufbrechen;5
nein;5
Gottesfurcht;5
wandern;5
entwöhnt;5
Sterben;5
dorthin;5
beweinte;5
Erbbegräbnis;5
zwiefach;5
ältesten;5
pflegten;5
begegne;5
Trinke;5
beschert;5
Sehenden;5
Midians;5
erstgeborene;5
Thema;5
Jüngeren;5
Zwillinge;5
gruben;5
verdrießt;5
träumte;5
herzte;5
Silpa;5
bunt;5
getäuscht;5
entwandt;5
stahl;5
nimms;5
mißgehandelt;5
beschädigen;5
wohltun;5
Ringen;5
vornean;5
zugebracht;5
hintennach;5
schwächte;5
Indes;5
friedsam;5
Pheresitern;5
Sollten;5
Eder;5
Reguel;5
Nahath;5
Zibeon;5
Dison;5
BaalHanan;5
Achbors;5
Solltest;5
strafte;5
suchest;5
Ismaeliter;5
trösteten;5
hinunterfahren;5
verhohlen;5
erzählt;5
Beeren;5
reichte;5
gedeutet;5
Grase;5
aufsteigen;5
mager;5
mageren;5
vollen;5
könnens;5
Kornhäuser;5
verwahren;5
Zehrung;5
Bündlein;5
erwürge;5
verzogen;5
Vielleicht;5
Haustür;5
erraten;5
rechtfertigen;5
ergrimme;5
hergesandt;5
mündlich;5
eilet;5
Thola;5
Simron;5
Sered;5
Elon;5
Raemses;5
verschmachteten;5
leibeigen;5
wendete;5
Löwin;5
Hohen;5
Geweihten;5
Wolf;5
Reisige;5
schwerer;5
Kästlein;5
Rande;5
führest;5
erstgeborenen;5
Amtleuten;5
gleichwohl;5
auflegen;5
Wehklage;5
beschweren;5
Libni;5
Musi;5
Usiels;5
Führet;5
beweise;5
hölzernen;5
nahms;5
währte;5
Mücken;5
schwarze;5
Flachs;5
versündigte;5
fordere;5
scheide;5
obere;5
vorübergehe;5
Keine;5
umhergehen;5
Denkmal;5
opfre;5
löse;5
leuchtete;5
stürzte;5
sang;5
Fluten;5
erhaschen;5
löblich;5
Arzt;5
einbringen;5
werdets;5
gespeist;5
Raphidim;5
austilgen;5
geringen;5
gelüsten;5
sündiget;5
opferst;5
Kleidung;5
Lösegeld;5
Bleibt;5
auftut;5
ergreift;5
weggetrieben;5
gedingt;5
beredet;5
verlobt;5
schinden;5
Beistand;5
Blutes;5
besprengte;5
rötliche;5
Lampe;5
Handbreit;5
Kannen;5
lauteres;5
bedecke;5
Zehn;5
Purpurrock;5
heften;5
Fassungen;5
Sarder;5
Topas;5
Smaragd;5
Demant;5
Granatapfel;5
Hauben;5
Beinkleider;5
herzuführen;5
süßer;5
Füllung;5
Hebeschulter;5
gewebt;5
Räuchopfer;5
Uris;5
Oholiab;5
gegeneinander;5
tilge;5
Haue;5
hineinging;5
herausging;5
verständige;5
unterweisen;5
Erzes;5
Salbung;5
reisten;5
abziehen;5
Federn;5
ungesäuert;5
Speisopfers;5
Brandopferaltars;5
schüttet;5
leugnet;5
überall;5
versöhnte;5
junges;5
unterscheiden;5
Floßfedern;5
hineinkommt;5
Teiche;5
besudelt;5
Blutgang;5
aufgefahren;5
blüht;5
Glatze;5
Fellwerk;5
frischen;5
ausbrechen;5
entgeht;5
kasteien;5
verunreinigst;5
dahingeben;5
fälschlich;5
leibeigene;5
entheilige;5
anfängt;5
Hochheiligen;5
freiem;5
Körner;5
erschlägt;5
verarmt;5
Verwandter;5
löst;5
Weinernte;5
wechseln;5
geschätzt;5
Sedeurs;5
ZuriSaddais;5
Zuars;5
Helons;5
Pedazurs;5
AmmiSaddais;5
Ochrans;5
Eljasaph;5
Enans;5
aufschlagen;5
Ausziehen;5
Decken;5
Hebroniten;5
obendrauf;5
eifert;5
beschwören;5
gibs;5
Elisamas;5
Viehes;5
Neumonden;5
äußersten;5
legst;5
Tagereise;5
gefürchtet;5
vornehmen;5
Michaels;5
Traube;5
hinaufzuziehen;5
durchwandelt;5
gehest;5
aufgerieben;5
murren;5
besondern;5
abgöttisch;5
zweihundertundfünfzig;5
ausgesondert;5
ausreißen;5
Weichet;5
Dabei;5
Hebt;5
Blüte;5
hochheiligen;5
ewigem;5
Geheiligte;5
Band;5
Arad;5
gelobte;5
Kriegen;5
sattelte;5
Peor;5
Hörer;5
Eimer;5
Chittim;5
Sittim;5
Hepher;5
Mahela;5
Zelophehads;5
Abarim;5
aufgelegt;5
wehrt;5
bekräftigt;5
Rüstet;5
widerfuhr;5
Eleale;5
hinaufgekommen;5
vornan;5
austreibe;5
Sibma;5
Jair;5
Thahath;5
auszuteilen;5
Totschlag;5
zweiundvierzig;5
gemehrt;5
Schaffet;5
vermauert;5
gefolgt;5
vermessen;5
durchziehen;5
Argob;5
eisernes;5
Kindeskindern;5
sahet;5
Tuns;5
vertriebe;5
Bezer;5
Guts;5
Ölberge;5
abfällig;5
mehrt;5
überhebe;5
tatet;5
glaubtet;5
Härtigkeit;5
Frühregen;5
bindet;5
anhanget;5
Fußsohle;5
Mosts;5
erlassen;5
losgeben;5
tuest;5
Wanst;5
Kreise;5
verschonen;5
Antwortet;5
hervorbringen;5
geschwächt;5
Bestes;5
versetzt;5
Schwägerin;5
stellt;5
tappen;5
Blinder;5
gönnen;5
Wohlleben;5
dahinfahren;5
Augapfel;5
fremder;5
raubt;5
Jerichos;5
zuschließen;5
floß;5
Achor;5
steckt;5
zerrissene;5
schwuren;5
Beeroth;5
Japhia;5
Heerlager;5
schreckte;5
wälzt;5
würfe;5
Jabin;5
Gründe;5
rottete;5
herrschte;5
Ekrons;5
Hinnom;5
neigt;5
Baala;5
Achsa;5
beredete;5
neunundzwanzig;5
Mizpe;5
Gedor;5
obern;5
streitbarer;5
Zweiundzwanzig;5
Geißel;5
hinaufzog;5
lasen;5
hinaufgeht;5
Geras;5
verschloß;5
Furten;5
leise;5
ohnmächtig;5
aufkam;5
sitzet;5
singe;5
bleibst;5
zerrissenen;5
bunte;5
Kleinste;5
Ziegenböcklein;5
hadert;5
Seeb;5
Jether;5
Ebeds;5
durften;5
Dodos;5
zweiundzwanzig;5
gezwungen;5
schreiet;5
holet;5
einziges;5
heraufgezogen;5
Locken;5
Hausgötzen;5
erkannten;5
GibeaBenjamin;5
auszuziehen;5
siebenhundert;5
umringten;5
ausgetilgt;5
jammert;5
hineinkamen;5
aufmachte;5
näher;5
Setzt;5
anbetete;5
Hophni;5
gings;5
jährliche;5
erbeten;5
hungert;5
Zacken;5
hinaufging;5
jauchzte;5
Dagons;5
Gehorche;5
Ölgärten;5
Kämmerern;5
wendest;5
weint;5
nützt;5
richtigen;5
stumpf;5
stehenbleiben;5
Löchern;5
weggegangen;5
Werfet;5
Malchisua;5
Brüllen;5
gereut;5
kundig;5
traf;5
Geigen;5
Vorsteher;5
gefragt;5
getreu;5
decken;5
grüßet;5
hinkamen;5
Nabals;5
heilloser;5
entrinne;5
Jesreelitin;5
eingefallen;5
heraufbringen;5
frohlocken;5
Hebrons;5
IsBoseth;5
Bahurim;5
erkennte;5
merkten;5
Rauschen;5
Ahjo;5
Menschenweise;5
Salztal;5
Ahiluds;5
rüstete;5
Fahre;5
schonte;5
Simeas;5
geschähe;5
Sängerinnen;5
Meinet;5
Rentmeister;5
Husathiter;5
Dampf;5
verzehrend;5
Windes;5
donnerte;5
Reinen;5
Verkehrten;5
durchläutert;5
stärkt;5
wohltut;5
Helez;5
Jethriter;5
erwähle;5
Aravna;5
Abisag;5
ausreden;5
gebrechen;5
Elas;5
Stromes;5
Ethan;5
arbeitete;5
täfelte;5
gehauen;5
dicker;5
regnet;5
abwenden;5
vielem;5
Göttin;5
Kälbern;5
stiftete;5
zeigten;5
gegossene;5
Abiam;5
Baesas;5
Omris;5
dichtet;5
Nimsis;5
Hasaels;5
vornimmt;5
Benhadads;5
ordneten;5
Binde;5
verstellen;5
wickelte;5
heraufzogen;5
Unsern;5
Seit;5
Torhütern;5
schütte;5
Verwandten;5
Davon;5
Werkmeistern;5
gabens;5
Bauleuten;5
Fünfundzwanzig;5
Dornstrauch;5
Ecktor;5
Gosan;5
bezeugte;5
Weissagen;5
michs;5
Menschenhänden;5
Flüsse;5
Gebiß;5
beschirmen;5
ausschütten;5
entbrannt;5
Mondes;5
Jerahmeel;5
Pelatja;5
Hattus;5
Eser;5
Meuniter;5
Entronnenen;5
Joels;5
Ahitob;5
Elkanas;5
Jerimoth;5
Seres;5
Laedan;5
Adaja;5
Azel;5
Jojarib;5
Sichris;5
Talmon;5
Jahasiel;5
Liedern;5
bestellen;5
bestellten;5
hüpfen;5
dankten;5
prediget;5
prächtig;5
Jedithuns;5
aufzurichten;5
Hanon;5
Jeria;5
Hakkoz;5
Ämtern;5
Hemans;5
kluger;5
Saron;5
Vorhöfe;5
versteht;5
Aufseher;5
begreifen;5
Bitten;5
Gesichten;5
stärkten;5
Michaja;5
verließest;5
zagen;5
Glaubet;5
Danken;5
Waffe;5
Räuchfaß;5
Ophel;5
Läufer;5
weich;5
Buche;5
PahathMoab;5
Bebai;5
Ater;5
Hasum;5
Briefes;5
Landpflegers;5
Pareos;5
Jesuas;5
schrecklicher;5
forderst;5
Daneben;5
Siloah;5
Wassertor;5
Selemjas;5
entrüstet;5
Hodia;5
Vorratskammern;5
Äckern;5
reinigten;5
Frauenhaus;5
Hammedathas;5
fastet;5
Reichtums;5
Purim;5
Scherbe;5
Hiobs;5
Bildad;5
unzeitige;5
Toben;5
zerschlägt;5
stecken;5
Stunden;5
verlacht;5
toben;5
schmeckt;5
täuscht;5
vertrocknet;5
dahinfährt;5
Wäre;5
schütteln;5
Fürwahr;5
Gespött;5
schämt;5
verschwindet;5
Wasserbäche;5
verjagen;5
Sturmwind;5
»Gott;5
beleidigt;5
sinken;5
weggerafft;5
helle;5
vernommen;5
Unrechtes;5
stolze;5
Ungerechte;5
»Mein;5
ängstet;5
prüft;5
Schaue;5
brüllt;5
donnert;5
Richtschnur;5
Morgenstern;5
Hinden;5
erschrickt;5
wenngleich;5
Genossen;5
glänzt;5
kriegte;5
Wasserbächen;5
hoffet;5
Blutgierigen;5
Richte;5
prüfst;5
gespannt;5
gekrönt;5
erzähle;5
verstrickt;5
Unsere;5
abgewichen;5
schmäht;5
zugeben;5
vorgesetzt;5
schütze;5
hofft;5
sperren;5
Verbirg;5
verstoße;5
befehle;5
ausrotte;5
schmücken;5
untertreten;5
leihet;5
Mord;5
vollbringen;5
anrichtet;5
Groß;5
bleibest;5
fleißigen;5
Brausen;5
»Wie;5
zerschmilzt;5
Scharen;5
Heerscharen;5
weine;5
singt;5
überschüttet;5
Pöbel;5
grimmig;5
eingeschenkt;5
Hefen;5
zürnest;5
Starker;5
erhalte;5
Schmähen;5
zündet;5
zerschmelzen;5
veralten;5
behält;5
verheißt;5
fröhliche;5
hoffärtig;5
schlummern;5
unnütz;5
locken;5
klagt;5
beschirmt;5
einziger;5
»Ach;5
wild;5
verwesen;5
Warten;5
fördert;5
unbarmherzig;5
betrügt;5
meide;5
schändlichen;5
stillt;5
vernünftiger;5
Rauben;5
sanft;5
eifere;5
getreuer;5
kalt;5
zertritt;5
seufzt;5
verspottet;5
Besseres;5
Salben;5
Abtrünnige;5
erhabenen;5
geringe;5
brenne;5
Herlinge;5
Mutter«;5
bestehe;5
Pathros;5
dadurchgehen;5
Aufhören;5
aufhört;5
übrigbleibe;5
Noch;5
heulet;5
taumeln;5
sobald;5
Schlafs;5
abtrünnigen;5
Festes;5
wegziehen;5
Hört;5
Myrten;5
vorlängst;5
ergeben;5
nützlich;5
Wasserstrom;5
fliehet;5
sprechet;5
Schlachtbank;5
erwählten;5
»Warum;5
wahrhaftigen;5
erbeben;5
gestäupt;5
Morden;5
Himmelskönigin;5
BenHinnom;5
schmelzen;5
Beschnittenen;5
besucht;5
Kaufbrief;5
dastanden;5
daherziehen;5
Sold;5
pfeifen;5
verschonet;5
tödlich;5
wirfs;5
schänden;5
Rädern;5
Getön;5
Garn;5
losem;5
Ehebrecherinnen;5
verachtest;5
»die;5
Ohola;5
Ästen;5
trüb;5
Winden;5
gemeine;5
Absatz;5
geheiligten;5
Solchen;5
Sternseher;5
Bücher;5
Griechenland;5
Angesichte;5
ausgießen;5
bekehrtet;5
bessere;5
Rizinus;5
Freundlichkeit;5
»Womit;5
dagegen;5
Marias;5
Indem;5
Besessenen;5
Ärgert;5
himmlischer;5
einfältig;5
arge;5
Besessene;5
erlaube;5
neuem;5
Alphäus;5
empören;5
gerechtfertigt;5
Senfkorn;5
ärgerten;5
verbot;5
göttlich;5
Mitknecht;5
wehret;5
Füße«;5
Pein;5
Gotteslästerung;5
krähte;5
hat«;5
fast;5
wunderten;5
denket;5
seiest;5
Verfolgungen;5
Gemüte;5
Galiläer;5
vernahm;5
Streiche;5
entschuldigen;5
Anfechtungen;5
Verständnis;5
Kephas;5
Nikodemus;5
auferwecken;5
anbeteten;5
verklären;5
Wandelt;5
Pamphylien;5
Unwissenheit;5
bewegten;5
Tarsus;5
entzückt;5
Teufels;5
zusammenkamen;5
Lystra;5
Galatien;5
Athen;5
Priscilla;5
Diana;5
Gajus;5
Aristarchus;5
Tychikus;5
Keuschheit;5
allermeist;5
aufzutun;5
Kreta;5
begebet;5
Gliedern;5
Vorsatz;5
mäßig;5
Gewissens;5
Ermahnung;5
Willens;5
Bekenntnis;5
abwesend;5
Regel;5
gewißlich;5
entschlage;5
züchtig;5
Pfuhl;5
schwebte;4
regierten;4
Walfische;4
mehre;4
herrschet;4
aufwachsen;4
flochten;4
Bauche;4
Eva;4
ähnlich;4
Methusalah;4
Frist;4
Pech;4
siebzehnten;4
Trockenen;4
Ararat;4
menschlichen;4
ansehe;4
Sems;4
Thogarma;4
Mizraim;4
Ragma;4
Aram;4
Hadoram;4
Mesa;4
Vaterlande;4
geschieden;4
KedorLaomor;4
Bunde;4
Feuerflamme;4
demütige;4
fortgehen;4
einzige;4
ankommen;4
ältere;4
jüngeren;4
legest;4
Treibe;4
Steh;4
liebhast;4
Bethuel;4
zwiefache;4
schenke;4
zuhörte;4
Rebekkas;4
stehst;4
segneten;4
vieltausendmal;4
verhüllte;4
Epher;4
Kebsweibern;4
Duma;4
erbitten;4
überlegen;4
kochte;4
kosten;4
sehenden;4
älteren;4
betastet;4
kamst;4
zusammengebracht;4
hübsch;4
gebäre;4
Liebesäpfel;4
beraten;4
gefleckt;4
Stäben;4
aufgeschlagen;4
Singen;4
erhitzt;4
begegneten;4
anzusagen;4
säugende;4
Gelenk;4
gekämpft;4
erkennest;4
Hemors;4
sehnt;4
Morgengabe;4
werben;4
Ephrath;4
Jaelam;4
Lotan;4
Quellen;4
Husam;4
Samla;4
Träumer;4
vergreifen;4
erweckest;4
Bringt;4
entfloh;4
hereingebracht;4
versündigten;4
Hauptmanns;4
fette;4
dünn;4
Wahrsagern;4
Beide;4
aufschütten;4
litt;4
Sagte;4
verstand;4
luden;4
forschte;4
Lebt;4
gesteckt;4
sagtet;4
Euren;4
Pallu;4
Charmi;4
Jimna;4
Berias;4
Husim;4
lebst;4
Wallfahrt;4
langt;4
Besitz;4
versorgte;4
mehrten;4
herbeikam;4
erlöset;4
künftigen;4
Würde;4
leichtfertig;4
entweiht;4
mörderische;4
zerteilen;4
Herrschers;4
trübe;4
Fersen;4
gedrängt;4
fettes;4
Voreltern;4
Ärzte;4
beweinten;4
bittere;4
tröstete;4
erhöbe;4
Wehmütter;4
Gersom;4
Lange;4
hinging;4
drängen;4
ausführe;4
Strecke;4
trockenen;4
Stummen;4
verstocken;4
hinziehen;4
mindern;4
Tagewerk;4
Lasten;4
Jizhars;4
Nepheg;4
Beschwören;4
stinken;4
weigerst;4
kriechen;4
verhärtete;4
Blattern;4
ebensowohl;4
troff;4
Schenkeln;4
gesäuertes;4
Toter;4
Mietling;4
Unbeschnittener;4
brich;4
Etham;4
verirrt;4
nachjagte;4
schreist;4
Lobgesang;4
feig;4
murrte;4
Wachteln;4
rund;4
schien;4
ließens;4
dürstete;4
Durstes;4
siegte;4
gegrüßt;4
Geschoß;4
tönen;4
Blitzen;4
hinaufsteigen;4
Bildnis;4
heimsucht;4
rauchen;4
»Götter«;4
stiehlt;4
Faust;4
darwägen;4
Deiner;4
Anklage;4
seinetwillen;4
einsammeln;4
Opfers;4
umreißen;4
Ziegenhaar;4
eingefaßte;4
dritthalb;4
Gnadenstuhls;4
achtundzwanzig;4
zusammengeheftet;4
rötlichen;4
Zapfen;4
untenauf;4
Steinschneider;4
Amethyst;4
Schellen;4
Schelle;4
anhaben;4
süßem;4
Zimt;4
Kalmus;4
Salbenbereiters;4
Ohrenringe;4
jauchzten;4
obliegen;4
warfs;4
bewahret;4
dergleichen;4
machest;4
Eiferer;4
nahten;4
Gottesdienstes;4
Umhänge;4
hefteten;4
darbringen;4
darstellen;4
spalten;4
abheben;4
aussprechen;4
Vermag;4
zehntel;4
gebacken;4
zugehört;4
weihte;4
Füllopfers;4
webte;4
entblößen;4
Kaninchen;4
Storch;4
Igel;4
schleicht;4
heilt;4
Eiterweiß;4
Sieht;4
Fallen;4
Kahlkopf;4
leinen;4
scharlachfarbene;4
reinige;4
abgeschoren;4
Speichel;4
Flusses;4
Ziegenböcke;4
Asasel;4
herausgeht;4
Blutsfreundin;4
aufzudecken;4
greulichen;4
auflesen;4
Tagelöhners;4
Vogelgeschrei;4
wählen;4
Verstoßene;4
freiwillige;4
israelitischen;4
ekelt;4
Weibsbild;4
Elizur;4
Selumiel;4
Gamliel;4
Abidan;4
Gideoni;4
Pagiel;4
Deguels;4
Ahira;4
Elizaphan;4
Abihails;4
fegen;4
ordne;4
entzündet;4
Haupthaar;4
Schwager;4
Verlaß;4
ungeduldig;4
verschwand;4
lüstern;4
geweint;4
Lustgräbern;4
heile;4
Sammua;4
Saphat;4
aussandte;4
Ahiman;4
Thalmai;4
tragt;4
übertretet;4
Teiges;4
darob;4
Quasten;4
Zipfeln;4
ansehet;4
empörten;4
umkommet;4
Blechen;4
verwahret;4
entsündigt;4
hinabgezogen;4
Oboth;4
Edlen;4
»Kommt;4
Moabitern;4
Balaks;4
Kleines;4
Bileams;4
fresse;4
Makk;4
geeifert;4
Serahiter;4
Zelophehad;4
Hephers;4
Hogla;4
Naphthalis;4
Amrams;4
zuwenden;4
angehören;4
raubten;4
Zinn;4
Kriegsvolks;4
Ataroth;4
hinüberziehen;4
versündigen;4
BethJesimoth;4
Stacheln;4
lenke;4
Kinnereth;4
Bukki;4
zugeteilt;4
spracht;4
galt;4
Elath;4
hohes;4
vertilgten;4
Heutigestages;4
Kedemoth;4
Senir;4
Salcha;4
Gessuriter;4
streitbar;4
BethPeor;4
vergessest;4
fallest;4
betest;4
dienest;4
zeuget;4
flöhe;4
Golan;4
ruhe;4
einnehmest;4
abhauen;4
Hassern;4
veraltet;4
zogst;4
erzürntet;4
tränkt;4
Garizim;4
freiwilligen;4
fragest;4
wünscht;4
Waise;4
Erlaßjahr;4
zugehen;4
zuhalten;4
rechtem;4
hingeht;4
Kinnbacken;4
Beschwörer;4
unschuldige;4
falsches;4
verzage;4
belagere;4
hinabführen;4
ablegen;4
unwerten;4
entziehen;4
baust;4
Weinbergs;4
geschlafen;4
geschrieen;4
schlüge;4
oberen;4
verächtlich;4
streckt;4
bekenne;4
kommest;4
Werkmeister;4
beugt;4
Knieen;4
wißt;4
verstreut;4
gehorchst;4
Liedes;4
nährte;4
Teufeln;4
Gift;4
scheute;4
Ottern;4
Palmenstadt;4
Klagens;4
Traget;4
herabfließt;4
Ufern;4
verzagte;4
aufgekommen;4
herzumachen;4
babylonischen;4
zage;4
vorgeschrieben;4
Kaphira;4
antasten;4
streitbaren;4
gegenwärtigen;4
erschrecket;4
Jebusitern;4
Hevitern;4
fehlte;4
Tals;4
Sihor;4
Medeba;4
Rogel;4
KirjathSepher;4
Kabzeel;4
Molada;4
HazarSual;4
Sanoah;4
Asan;4
Achsib;4
Samir;4
Jatthir;4
Hosa;4
GathRimmon;4
Japho;4
vollendeten;4
nachjagt;4
Esthemoa;4
hinaufzögen;4
verlaßt;4
Keniters;4
beraubten;4
lernten;4
fetter;4
gedämpft;4
Abinoams;4
Hebers;4
Jael;4
krümmte;4
aufstanden;4
geleckt;4
Gezelte;4
Auslegung;4
Stirnbänder;4
geherrscht;4
vertraute;4
betrübst;4
Gileaditers;4
Pirathoniter;4
ritten;4
gebierst;4
wundersam;4
Lohe;4
hinabkam;4
Fresser;4
gepflügt;4
Etam;4
Lehi;4
geschoren;4
Jünglings;4
sichern;4
Gerüsteten;4
Jebus;4
einkehren;4
zerstückte;4
hiezu;4
auserlesen;4
Schleuder;4
kleiner;4
schlaget;4
fahret;4
wiederkäme;4
Hörst;4
Womit;4
aufgelesen;4
tugendsam;4
halt;4
erwecke;4
abgehen;4
betrübte;4
reizte;4
Unfruchtbare;4
abgenommen;4
Gutem;4
gestreut;4
entzwei;4
Mäuse;4
Mitnichten;4
ansah;4
geringsten;4
hinabgegangen;4
Schildwacht;4
grau;4
anrief;4
Beil;4
schärfen;4
würgte;4
pflügt;4
wacker;4
lichter;4
Amalekitern;4
anbete;4
lügt;4
Bitterkeit;4
Goliath;4
Weberbaum;4
Wagenburg;4
Unbeschnittene;4
glatte;4
größte;4
armer;4
vermissen;4
Werde;4
verdammte;4
Nobe;4
beschieden;4
wegnahm;4
Schulden;4
sicherem;4
eröffnet;4
Ahimelechs;4
gewisser;4
Gemsen;4
abgeschnitten;4
Feigenkuchen;4
Blutschuld;4
Herzog;4
Wahrsagergeist;4
gemästetes;4
forthin;4
erschlugen;4
Rüstung;4
lehnte;4
leid;4
abgelassen;4
Haggith;4
Ajas;4
getrachtet;4
hinginge;4
Rimmons;4
gerechten;4
führtest;4
hereinkommen;4
Sobab;4
BaalPerazim;4
einhergehen;4
guckte;4
niedrig;4
Schlägen;4
Ammiels;4
halb;4
hinausging;4
tränke;4
tatest;4
fastete;4
anrichte;4
eingegeben;4
barfuß;4
Fluchen;4
Gemüts;4
säumen;4
ders;4
hassest;4
Barsillais;4
Sibbechai;4
Elhanan;4
Zehen;4
Rapha;4
überwältigten;4
bebten;4
demütigst;4
Knöchel;4
verstöre;4
beweist;4
Jasobeam;4
trugens;4
Abieser;4
Anathothiter;4
Ahohiter;4
Harariter;4
blaset;4
Flöten;4
beschämen;4
geantwortet;4
Rehe;4
befiehl;4
gehauene;4
zedernen;4
Blumenwerk;4
Angeln;4
Feldern;4
zischen;4
Edelgestein;4
Tartschen;4
Tartsche;4
Lehnen;4
ratet;4
aufgewachsen;4
Peitschen;4
vorübergingen;4
Verlassenen;4
ausfegen;4
Ammonitin;4
Greuelbild;4
schicke;4
erzürnte;4
Hananis;4
Ölkrug;4
Kinde;4
vierhundertundfünfzig;4
Erhöre;4
trink;4
Saphats;4
Syrern;4
Unmuts;4
versiegelte;4
Jesreels;4
Jemlas;4
Knaenas;4
Große;4
Asuba;4
BaalSebub;4
feuriger;4
täuschen;4
läse;4
Schütte;4
losmachen;4
lautete;4
Möchte;4
lehnt;4
angebunden;4
dritter;4
Matthan;4
Bekannten;4
besserten;4
nähmen;4
dreiundzwanzigsten;4
Amazjas;4
befestigte;4
Ebenbild;4
Hoseas;4
Wasserleitung;4
Worauf;4
syrisch;4
austrocknen;4
wurzeln;4
Meßschnur;4
Adajas;4
Türhüter;4
Buchs;4
ausgelöscht;4
weggetan;4
Pedajas;4
neunzehnte;4
wägen;4
Jaasanja;4
Simea;4
Sesan;4
Atthai;4
Pedaja;4
Berechja;4
Hananjas;4
Sechanjas;4
Asrikam;4
Hodavja;4
Reaja;4
lautet;4
Geschlechtsregister;4
Hagariter;4
abfielen;4
Abisua;4
Merajoth;4
Hasabjas;4
Banis;4
Alemeth;4
Jediael;4
Mikloth;4
MeribBaal;4
aufgeschrieben;4
Immers;4
Ihren;4
Bogenschützen;4
Semarja;4
Adna;4
Maultieren;4
zertrennt;4
Semiramoth;4
klingen;4
Rühmet;4
unseres;4
Dreschwagen;4
Menschenhände;4
Ornans;4
bauest;4
»Aus;4
vorstehen;4
Mijamin;4
zwölfte;4
vierzehnte;4
zweiundsechzig;4
Benajas;4
Gemüt;4
Jehiels;4
Loben;4
Kornstädte;4
elfenbeinernen;4
Fußschemel;4
Jedermann;4
Libyer;4
demütigten;4
Mohr;4
gestiftet;4
Matthanjas;4
schafften;4
beweisest;4
Taltor;4
hereinbringen;4
Jeduthun;4
verlachten;4
furchtsam;4
überhoben;4
Botschafter;4
Fischtor;4
zermalmt;4
verunreinigten;4
Sesbazar;4
Satthu;4
Asgad;4
Adin;4
Giddel;4
Nekoda;4
Ankunft;4
vorzustehen;4
umeinander;4
Simsai;4
schädlich;4
überantworte;4
nachstellten;4
Selemja;4
Misttor;4
Gesem;4
Schaftor;4
Hananeel;4
Meere;4
Lästerungen;4
einnahmen;4
ängsteten;4
erhörtest;4
Jesajas;4
auskommen;4
Esthers;4
angeschlagen;4
Klagen;4
Hathach;4
entstehen;4
Wohllebens;4
Zophar;4
obenherab;4
Leviathan;4
Dämmerung;4
verzäunt;4
Niedrigen;4
Betrübten;4
stürzt;4
eingeführt;4
tadelt;4
elender;4
Träumen;4
Grauen;4
Orion;4
stillen;4
dringt;4
verwirfst;4
eitlen;4
umsehen;4
öffnet;4
brauchen;4
grünt;4
Streites;4
zusammengefaßt;4
Dünkel;4
beißt;4
Hoffen;4
Schreckens;4
unbekannt;4
betteln;4
verwandeln;4
Fressen;4
verlischt;4
Kluger;4
Nackten;4
Müden;4
getan«;4
ungestüm;4
durchbohrt;4
verhehlen;4
klatschen;4
zerwühlt;4
Kristall;4
wessen;4
rühmte;4
Nesseln;4
Steinritzen;4
elende;4
»Wenn;4
ungerecht;4
Unverstand;4
Laster;4
Hurern;4
öffnen;4
Größe;4
zürnt;4
Gespräch;4
hinfahren;4
Kälte;4
Spiegel;4
Zeige;4
Windeln;4
füllt;4
kleben;4
Wehen;4
zieren;4
Schrecklich;4
glänzen;4
zittert;4
leite;4
Inwendiges;4
Oberhand;4
Elende;4
darniederliegen;4
irdenen;4
erlösete;4
Gottesfürchtigen;4
erfreuen;4
erleuchten;4
heule;4
brüllender;4
Wachs;4
loser;4
leitet;4
Versammlungen;4
weide;4
danket;4
lobsinge;4
Liebet;4
Falsch;4
stoße;4
Räubern;4
Gesegneten;4
weggeworfen;4
Schämen;4
rauschen;4
Täglich;4
schläfst;4
Aloe;4
verwundert;4
zerbrichst;4
wirfst;4
läufst;4
Gottes«;4
schneidet;4
scharfes;4
Mittags;4
umkäme;4
Erhebe;4
wegreißen;4
zerstreue;4
Rose;4
strecke;4
geläutert;4
Ruhmes;4
ergreifet;4
erwacht;4
endlich;4
blinken;4
schenkt;4
abtrünnige;4
ungehorsame;4
wehen;4
erlangten;4
aufgefressen;4
helfet;4
siegen;4
schädlichen;4
aushelfen;4
verdienen;4
verstocket;4
Betet;4
hasset;4
vorsichtig;4
Falsche;4
verspotten;4
ausrichtet;4
nisten;4
oftmals;4
Dafür;4
verdorben;4
Melchisedeks«;4
gnädige;4
streut;4
»Herr;4
flehe;4
straucheln;4
Waldes;4
»Dies;4
gebildet;4
prüfe;4
Pflanzen;4
Verjagten;4
»Gehe;4
edler;4
Frevler;4
Kehle;4
Volk«;4
ergötzen;4
Fauler;4
glatten;4
Tote;4
törichter;4
Grämen;4
ringt;4
Blutvergießen;4
Eines;4
sticht;4
fehlgehen;4
Argen;4
wägt;4
schindet;4
pflügen;4
lieblicher;4
Speisen;4
betrüge;4
Schaum;4
begeben;4
Nähe;4
armes;4
schwaches;4
Schlössern;4
Verdruß;4
anderm;4
Niedrigkeit;4
schädliche;4
schönste;4
Haupte;4
Starke;4
Zöpfen;4
anklopft;4
Schuhen;4
gemeint;4
Geliebten;4
Fröhlichen;4
Immanuel;4
beraube;4
Horonaim;4
reichten;4
ausrichte;4
lauft;4
Risse;4
auftue;4
anstecken;4
ersoffen;4
Kümmel;4
versiegelten;4
Gleich;4
volle;4
Wurfschaufel;4
Trinken;4
fröhlichen;4
leset;4
Erlösten;4
Zwiefältiges;4
Bereitet;4
Buchen;4
Raube;4
daliegen;4
Götze;4
Zukünftige;4
Gewerbe;4
messet;4
kaufet;4
räuchert;4
achteten;4
rechtschaffenen;4
Heiße;4
manche;4
Bekehret;4
»Des;4
Mördergrube;4
Säume;4
Ehebrecherei;4
treffe;4
eher;4
Leichen;4
bereite;4
überredet;4
verbrenne;4
Liebhaber;4
»Last;4
schenkte;4
abgezogen;4
Rechabiter;4
Judi;4
Tinte;4
Kerkermeister;4
Wandergerät;4
Rasseln;4
keltern;4
zitternd;4
Liedlein;4
binde;4
Unmündigen;4
törichte;4
vorhatte;4
vieren;4
freilich;4
Stirnen;4
kinderlos;4
urteilt;4
lagst;4
nahmst;4
Wiederum;4
verdorrten;4
gefegt;4
Libyen;4
Händler;4
Schauspiel;4
hinuntergefahren;4
gegeben«;4
ergehen;4
Gevierte;4
mittlern;4
gemessen;4
größern;4
Feiertagen;4
menschliche;4
Übeltat;4
ungegessen;4
Sternen;4
Gabriel;4
bekehrten;4
wach;4
Bleischnur;4
verschaffte;4
dahergehen;4
stehend;4
Otterngezüchte;4
taufe;4
posaunen;4
Schalk;4
Mammon;4
nährt;4
Kleingläubigen;4
Zöllnern;4
ruchbar;4
Stumme;4
Bartholomäus;4
beharrt;4
Sperlinge;4
Täufers;4
wohlgefällig;4
argen;4
Etliches;4
Steinige;4
sechzigfältig;4
dreißigfältig;4
anrührten;4
überschattete;4
ungläubige;4
dulden;4
Mitknechte;4
gleichalso;4
weltlichen;4
löset;4
zweifelt;4
Weinberges;4
Auferstehen;4
Judengenossen;4
Arche;4
beherbergt;4
verriete;4
kräht;4
Gegrüßet;4
Pontius;4
losgebe;4
verspotteten;4
Schädelstätte;4
Arimathia;4
lauerten;4
verwahrte;4
bettelte;4
vergebe;4
Kreuzige;4
gerechnet«;4
Rüsttag;4
Gefreunden;4
Gefährten;4
Vierfürst;4
Hannas;4
umgetrieben;4
geizig;4
griechischen;4
wahrhaftige;4
eingeborenen;4
glaubst;4
irdischen;4
zeuge;4
Manna;4
kenntet;4
Glaubst;4
Gesundheit;4
dienstbar;4
gottselig;4
verhören;4
Landvogt;4
Derbe;4
Grieche;4
Jason;4
Gottheit;4
Italien;4
Handwerks;4
vermahnen;4
römisch;4
besprach;4
wahre;4
Anker;4
unbeweglich;4
geistlicher;4
vornehmlich;4
leben«;4
abgestorben;4
Miterben;4
Kindschaft;4
Gefreundeten;4
Wahl;4
Ehrbarkeit;4
menschlicher;4
aufgeblasen;4
Abgöttischen;4
Freier;4
Unehre;4
untergetan;4
irdisch;4
Leidens;4
Silvanus;4
Vollkommenheit;4
Wirkung;4
unordentlich;4
Tugend;4
fleischlichen;4
Fabeln;4
heilsamen;4
gastfrei;4
Wollüsten;4
Melchisedeks;4
unbefleckt;4
Täter;4
Büchlein;4
Hippe;4
fernerhin;4
Luther;3
regiere;3
schieden;3
wässern;3
schämten;3
Baumes;3
Esset;3
mitnichten;3
kühl;3
verstellt;3
siebenfältig;3
Zilla;3
Pfeifer;3
Beule;3
Kenan;3
Mahalaleel;3
Jared;3
göttliches;3
gebaren;3
bekümmerte;3
Fittiche;3
ausfliegen;3
trugs;3
Allerlei;3
Japheths;3
Madai;3
Askenas;3
Chittiter;3
Nimrod;3
Kaphthoriter;3
verwirren;3
Regu;3
Serug;3
More;3
Deinem;3
Sarais;3
sagtest;3
Lots;3
besah;3
Siddim;3
Emiter;3
Melchisedek;3
Salem;3
Schuhriemen;3
zähle;3
Aase;3
wilder;3
unterlassen;3
lachte;3
ebendesselben;3
lacht;3
geleitete;3
hinabfahren;3
Finde;3
unterwunden;3
fünfundvierzig;3
morgens;3
schlossen;3
hineinkommest;3
berührt;3
gerechtes;3
einfältigem;3
verschafft;3
Hundert;3
säuge;3
Phichol;3
Untreue;3
spaltete;3
Hecke;3
beklagte;3
Leiche;3
Kauf;3
Ephrons;3
zusahen;3
quitt;3
Armringe;3
besitze;3
Ketura;3
Joksan;3
zwiefachen;3
Mibsam;3
Misma;3
Jetur;3
Naphis;3
zweierlei;3
rauh;3
Rehoboth;3
Hasset;3
Desselben;3
fange;3
Fettigkeit;3
vorbehalten;3
droht;3
abgefertigt;3
Nebajoths;3
Gotteshaus;3
wälzen;3
wärens;3
Sitte;3
unwert;3
zugetan;3
gefleckten;3
Diebstahl;3
Weißes;3
Rinnen;3
verschmachtete;3
Handen;3
Meines;3
Wehmutter;3
Bilhas;3
Zibeons;3
vermochte;3
Omar;3
Gaetham;3
Missa;3
Ezer;3
Disan;3
Lotans;3
Manahath;3
Onam;3
warmen;3
Anas;3
Jethran;3
Bilhan;3
Dothan;3
Ismaeliten;3
hinabzog;3
mags;3
ägyptischer;3
Schlafe;3
Huld;3
auslege;3
Jahrestag;3
häßlich;3
häßlichen;3
Halm;3
gehenkt;3
wachte;3
verständigen;3
Asnath;3
Potipheras;3
beisammen;3
wiederbringe;3
auftaten;3
Hebräern;3
säume;3
verderbest;3
Hamul;3
Jiswi;3
Huppim;3
Guni;3
Jezer;3
Viehhirten;3
gebrach;3
brauchten;3
hattens;3
Versammelt;3
gestiegen;3
bists;3
beißen;3
leckere;3
hinaufgezogen;3
Vergib;3
schweren;3
drücken;3
Pithon;3
Frönen;3
helft;3
Zippora;3
Schwiegervaters;3
Wirf;3
Stecke;3
gieß;3
Dienste;3
Vögten;3
Anzahl;3
ausführt;3
gehoben;3
Nahessons;3
Assir;3
Fröschen;3
Schlafkammer;3
erfahrest;3
gekriegt;3
sprenge;3
auffahren;3
meinesgleichen;3
trittst;3
dasmal;3
Spelt;3
verhärtet;3
Grünes;3
wegnehme;3
grimmigem;3
nächster;3
Nachbar;3
gebraten;3
Kräutern;3
versäuert;3
beschneide;3
Beisaß;3
Genick;3
Pihachiroth;3
BaalZephon;3
nachjage;3
auserlesene;3
finstere;3
Morgenwache;3
gemurrt;3
herbei;3
lags;3
verkündigtens;3
Geschmack;3
Semmel;3
schlugst;3
Hügels;3
fremdem;3
priesterlich;3
herniedergekommen;3
durchbrechen;3
heraufsteigen;3
Bete;3
mißbrauchen;3
Esels;3
Pfriemen;3
auflegt;3
gräbt;3
wiedererstatten;3
entlehnt;3
unterdrücken;3
Pfande;3
untergeht;3
irrt;3
zuführen;3
Hornissen;3
einzeln;3
verzehrendes;3
roter;3
Widderfelle;3
Dachsfelle;3
stecke;3
vornehin;3
kunstreicher;3
Teppichs;3
Teppich;3
Widderfellen;3
Ihrer;3
innen;3
Kohlenpfannen;3
ehernes;3
hohl;3
Ölbäumen;3
zusammengebunden;3
losmache;3
mitteninne;3
Hüften;3
hinzutreten;3
Gürteln;3
Viertel;3
zählst;3
Waschen;3
Kassia;3
Geschicklichkeit;3
Ahisamachs;3
Amtskleider;3
erquickte;3
Griffel;3
reiße;3
Fallstrick;3
Haine;3
erweitern;3
wers;3
willige;3
Zentnern;3
geheftet;3
zubereiten;3
aufhängen;3
Sollst;3
bestrichen;3
ungesäuertem;3
solcherlei;3
entfahren;3
brennend;3
hinaustragen;3
freiwilliges;3
möchtet;3
unheilig;3
Habicht;3
Strauß;3
Käuzlein;3
Rohrdommel;3
Reiher;3
hüpft;3
fiele;3
daheimbleiben;3
auffährt;3
eiterweiß;3
rohes;3
rohe;3
rötliches;3
fressender;3
Vogels;3
wiederkommt;3
frische;3
Blutfluß;3
gewöhnlichen;3
zerstoßenen;3
zuscharren;3
ausspeie;3
geflucht;3
schändliche;3
unreine;3
Sonst;3
huren;3
gebrechlich;3
Geheiligtes;3
besonderes;3
Gebrechen;3
Palmenzweige;3
Maien;3
übervorteilen;3
austun;3
Strenge;3
Vetters;3
schrecke;3
Darre;3
streuen;3
hinfallen;3
Verbannte;3
Ahieser;3
ordnen;3
Priesteramts;3
herzutut;3
Zähle;3
Deren;3
Tuchs;3
Jizhariten;3
Tisches;3
Leuchters;3
Schneuzen;3
taugten;3
hinaustun;3
Hauptsumme;3
Eiferopfer;3
bitteres;3
schwellen;3
drommetet;3
drommeten;3
ausgehe;3
angeschrieben;3
wenigsten;3
kundmachen;3
dunkle;3
vornehme;3
Sakkurs;3
Jigeal;3
Gezelten;3
Sesai;3
vermögen;3
Fallet;3
abziehe;3
empört;3
drittel;3
teilhat;3
umtreiben;3
Abirams;3
rühret;3
verschlinge;3
aufhebe;3
streue;3
Trage;3
Reine;3
Unreine;3
umkamen;3
weigerten;3
diesseits;3
auffressen;3
verfluche;3
Baue;3
ansage;3
Einhorns;3
niedergelegt;3
schlagt;3
Nemuel;3
auflehnten;3
Jasub;3
Asriel;3
wenigen;3
Ohne;3
fünfzehnte;3
abwendig;3
lagert;3
Raubes;3
Hunderten;3
Menschenseelen;3
goldenem;3
verschlossene;3
BaalMeon;3
Nobah;3
Reisen;3
Auszug;3
Jotbatha;3
vierzigsten;3
Auszugs;3
zuteilen;3
Akrabbim;3
Dorf;3
Azmon;3
morgenwärts;3
Stadtmauer;3
Erbteile;3
freiten;3
antwortetet;3
sprachet;3
hinaufzogen;3
Denselben;3
umzogen;3
Kaphthor;3
hindurchgehen;3
Maachathiter;3
angehoben;3
hineinkommet;3
vorlege;3
hörtet;3
verderbet;3
barmherziger;3
Versuchungen;3
Blachfeld;3
Blachfelde;3
behaltet;3
keinerlei;3
warest;3
ausgerecktem;3
ausgehauene;3
erzeigest;3
Dich;3
vertilgest;3
Skorpione;3
umbringt;3
Enak;3
unterwerfen;3
vertreibt;3
größeres;3
zerschlug;3
Sieh;3
fasset;3
geloben;3
Getreides;3
gehorchest;3
verdrießen;3
vornimmst;3
auftust;3
ackern;3
gedenkest;3
heimgehen;3
einzelner;3
sollet;3
friedlich;3
dran;3
besät;3
herzukommen;3
beweinen;3
Schlemmer;3
Trunkenbold;3
Verlorenen;3
aufhelfen;3
Eiern;3
Schändliches;3
berüchtigt;3
Geloben;3
entlassen;3
untergehe;3
erbauen;3
Einkommens;3
Leide;3
deutlich;3
unschuldiges;3
eingehst;3
ausgehst;3
Drüsen;3
abfressen;3
verstehst;3
freches;3
zärtlich;3
einziehst;3
kamt;3
Holzhauer;3
anbetest;3
sterbest;3
Treu;3
betrachte;3
Allerhöchste;3
Jesurun;3
Ehrenname;3
häufen;3
gehets;3
Verlassene;3
Regenten;3
Geliebte;3
tauche;3
einhertreten;3
Weinens;3
Weiche;3
ausgetrocknet;3
gewisses;3
sofern;3
austrocknete;3
hindurchgingen;3
Halljahrsposaunen;3
koste;3
Charmis;3
Sabdis;3
hinaufgegangen;3
bemühe;3
Sabdi;3
Stange;3
verscharrt;3
schütteten;3
nachzujagen;3
wohnend;3
